-- --------------------------------------------------------
-- Хост:                         127.0.0.1
-- Версия сервера:               5.5.38-log - MySQL Community Server (GPL)
-- ОС Сервера:                   Win32
-- HeidiSQL Версия:              8.3.0.4694
-- --------------------------------------------------------

/*!40101 SET @OLD_CHARACTER_SET_CLIENT=@@CHARACTER_SET_CLIENT */;
/*!40101 SET NAMES utf8 */;
/*!40014 SET @OLD_FOREIGN_KEY_CHECKS=@@FOREIGN_KEY_CHECKS, FOREIGN_KEY_CHECKS=0 */;
/*!40101 SET @OLD_SQL_MODE=@@SQL_MODE, SQL_MODE='NO_AUTO_VALUE_ON_ZERO' */;

-- Дамп структуры базы данных apoly
DROP DATABASE IF EXISTS `apoly`;
CREATE DATABASE IF NOT EXISTS `apoly` /*!40100 DEFAULT CHARACTER SET utf8 */;
USE `apoly`;


-- Дамп структуры для таблица apoly.l_about
DROP TABLE IF EXISTS `l_about`;
CREATE TABLE IF NOT EXISTS `l_about` (
  `site` int(2) NOT NULL,
  `title` text NOT NULL,
  `subtitle` text NOT NULL,
  `text` text,
  `keywords` text,
  `description` text,
  `images` text,
  UNIQUE KEY `site` (`site`)
) ENGINE=InnoDB DEFAULT CHARSET=utf8;

-- Дамп данных таблицы apoly.l_about: ~1 rows (приблизительно)
/*!40000 ALTER TABLE `l_about` DISABLE KEYS */;
INSERT INTO `l_about` (`site`, `title`, `subtitle`, `text`, `keywords`, `description`, `images`) VALUES
	(1, 'О компании', 'Информация о компании', '<p>Lorem ipsum dolor sit amet, consectetur adipiscing elit. Donec venenatis sodales nisi, eget cursus arcu mollis ut. Donec hendrerit turpis nec risus feugiat, vitae volutpat magna mattis. Nam gravida, eros ac placerat tristique, mauris neque efficitur nisl, consectetur tristique risus neque quis dui. In hac habitasse platea dictumst. Suspendisse ultricies tellus vel erat condimentum, id rhoncus massa condimentum. Pellentesque vel condimentum leo. Donec non laoreet leo.</p>\r\n<p>Phasellus suscipit pretium eros in varius. Maecenas vulputate cursus massa vitae ultrices. Nam in scelerisque orci. Morbi convallis mi at sollicitudin consequat. Vivamus ut quam id ex consequat elementum. Sed elementum molestie sollicitudin. Proin tristique risus ut metus commodo pellentesque. Fusce vestibulum, augue a venenatis luctus, enim purus semper nibh, non dignissim leo erat in odio. Pellentesque vestibulum, felis ut ornare facilisis, nisi ante dapibus neque, id ullamcorper tellus odio suscipit dui. Sed sit amet est tempor elit cursus vulputate. Mauris erat orci, maximus vitae pretium ut, dictum et lectus. Ut lorem arcu, malesuada non hendrerit eu, lobortis sit amet nisi. Sed quis maximus est. Nulla eget iaculis mauris. Nam sagittis iaculis dignissim.</p>\r\n<p>Suspendisse ut ipsum eu justo sollicitudin venenatis eget at odio. Nam justo nisl, egestas a dictum ut, consequat vel nisl. Praesent vulputate ex ut leo tincidunt maximus. Fusce finibus massa vitae consequat porta. Pellentesque elementum metus in ultrices euismod. Aenean magna quam, luctus et mi nec, vehicula pulvinar mauris. Pellentesque in felis commodo, malesuada lectus in, feugiat arcu. Nullam commodo rhoncus bibendum. Aliquam erat volutpat. Sed condimentum mauris non eros feugiat, et ultricies urna auctor. Mauris cursus ullamcorper turpis, ut hendrerit risus hendrerit vitae. Phasellus sodales vitae velit non porta. Cras vitae fringilla sem.</p>\r\n<p>Donec a tincidunt mi. Quisque sit amet diam laoreet, pharetra nibh quis, mattis quam. Aenean aliquet ante lacus, et suscipit purus sollicitudin pretium. Nulla quis urna et lorem consectetur consequat ac finibus quam. Praesent non lacus sed urna hendrerit tincidunt. Integer dictum rhoncus mi vitae tincidunt. Duis maximus mi luctus consectetur dapibus. Morbi laoreet nunc turpis, ac sagittis turpis placerat eget. Ut dictum justo sit amet ligula varius gravida sit amet vel justo. Duis laoreet luctus ante, ac lobortis turpis cursus id. Vestibulum scelerisque posuere nibh tristique accumsan.</p>\r\n<p>Lorem ipsum dolor sit amet, consectetur adipiscing elit. Donec at ipsum ut nunc molestie commodo. Phasellus et neque ac nisl hendrerit tempus. Ut lacinia metus vitae purus iaculis, sed molestie lectus eleifend. Mauris porttitor malesuada mauris, eu facilisis nunc fringilla et. Etiam et feugiat metus, et varius risus. Nullam sed posuere purus. Donec magna mi, mattis id quam facilisis, dictum tristique dui. Duis volutpat nibh enim, vel sodales nulla iaculis vel. Fusce gravida pulvinar libero, vel ornare elit tincidunt a. Pellentesque sed erat sapien. Praesent mollis euismod libero, sed accumsan lacus interdum sit amet. Proin venenatis hendrerit nisi id placerat. Nullam at volutpat ex, at luctus lectus.</p>', '', '', NULL);
/*!40000 ALTER TABLE `l_about` ENABLE KEYS */;


-- Дамп структуры для таблица apoly.l_actions
DROP TABLE IF EXISTS `l_actions`;
CREATE TABLE IF NOT EXISTS `l_actions` (
  `id` int(11) NOT NULL AUTO_INCREMENT,
  `header` varchar(64) NOT NULL,
  `text` text NOT NULL,
  `date` varchar(64) NOT NULL,
  `id_image` int(11) NOT NULL,
  `status` int(1) NOT NULL,
  `keywords` text,
  `description` text,
  PRIMARY KEY (`id`)
) ENGINE=InnoDB AUTO_INCREMENT=2 DEFAULT CHARSET=utf8;

-- Дамп данных таблицы apoly.l_actions: ~1 rows (приблизительно)
/*!40000 ALTER TABLE `l_actions` DISABLE KEYS */;
INSERT INTO `l_actions` (`id`, `header`, `text`, `date`, `id_image`, `status`, `keywords`, `description`) VALUES
	(1, 'Сшитый полиэтилен', '<p>В основе инженерных систем SANEXT&ndash; трубы из сшитого полиэтилена PEX-a<br />(самая совершенная технологии сшивки полиэтилена). <br />Продуктовую линейку дополняют латунные фитинги.<br />Для соединения труб и фитингов используется технология сдвижной гильзы. <br />При разработке и усовершенствовании систем SANEXT используется многолетний опыт производства и применения полимерных труб в Европе<br />10-лет гарантии на смонтированную систему. <br />действует договор гражданской ответственности, страхующий имущество 3-х лиц.</p>', '30-06-2016', 117, 1, NULL, NULL);
/*!40000 ALTER TABLE `l_actions` ENABLE KEYS */;


-- Дамп структуры для таблица apoly.l_admins
DROP TABLE IF EXISTS `l_admins`;
CREATE TABLE IF NOT EXISTS `l_admins` (
  `id` int(11) NOT NULL AUTO_INCREMENT,
  `name` varchar(32) NOT NULL,
  `password` varchar(64) NOT NULL,
  `email` varchar(64) DEFAULT NULL,
  PRIMARY KEY (`id`)
) ENGINE=MyISAM AUTO_INCREMENT=4 DEFAULT CHARSET=utf8;

-- Дамп данных таблицы apoly.l_admins: 1 rows
/*!40000 ALTER TABLE `l_admins` DISABLE KEYS */;
INSERT INTO `l_admins` (`id`, `name`, `password`, `email`) VALUES
	(1, 'RAPOS', '49ca5bdc41b0ad3b828258875030e223', NULL);
/*!40000 ALTER TABLE `l_admins` ENABLE KEYS */;


-- Дамп структуры для таблица apoly.l_articles
DROP TABLE IF EXISTS `l_articles`;
CREATE TABLE IF NOT EXISTS `l_articles` (
  `id` int(11) NOT NULL AUTO_INCREMENT,
  `id_image` int(11) NOT NULL,
  `header` varchar(64) NOT NULL,
  `text` text NOT NULL,
  `date` varchar(64) NOT NULL,
  `keywords` text,
  `description` text,
  PRIMARY KEY (`id`)
) ENGINE=InnoDB AUTO_INCREMENT=6 DEFAULT CHARSET=utf8;

-- Дамп данных таблицы apoly.l_articles: ~4 rows (приблизительно)
/*!40000 ALTER TABLE `l_articles` DISABLE KEYS */;
INSERT INTO `l_articles` (`id`, `id_image`, `header`, `text`, `date`, `keywords`, `description`) VALUES
	(1, 112, 'Полипропилен (ПП) : основные свойства, область применения', '<p>Полипропилен &ndash; синтетический термопластичный неполярный полимер, принадлежащий к классу полиолефинов. Продукт полимеризации пропилена. Твердое вещество белого цвета.</p>\r\n<p>Полипропилен получают в промышленности путем полимеризации пропилена при помощи катализаторов Циглера-Натта или металлоценовыми катализаторами. Полимеризация происходит при давлении 10 атм. И температуре до 80 &ordm;С. Способ производства полипропилен с помощью катализатора Циглера-Натта был изобретен в 1957 году. Благодаря изобретениям Циглера и Натта стало возможным производство изотактического полипропилена.</p>\r\n<p>Доля производства полипропилена при помощи металлоценовых катализаторов в 2002 г. составила менее 0,5 % от общего мирового производства полипропилена, хотя прогнозируют, что к 2006 г. доля металлоценовых катализаторов возрастет до 8 %.</p>\r\n<p>Решающее значение для свойств полимера имеет пространственное расположение боковых групп (СН3-) по отношению к главной цепи. Существуют изотактический, синдиотактический и атактический полипропилен. Основной и наиболее важной разновидностью является полипропилен с изотактической структурой. Изотактический полипропилен отличается большой степенью кристалличности, высокой прочностью, твердостью и теплостойкостью. Атактический полипропилен очень гибкий, мягкий и липкий продукт.</p>\r\n<p>В промышленности получают полимер, состоящий в основном из макромолекул изотактического строения.</p>\r\n<p><em>Таблица 1: Cвойства полипропилена</em></p>\r\n<table class="price" border="1">\r\n<tbody>\r\n<tr>\r\n<td>Плотность, г/см</td>\r\n<td>0,90-0,92</td>\r\n</tr>\r\n<tr>\r\n<td>Массовая доля, %</td>\r\n<td>&nbsp;</td>\r\n</tr>\r\n<tr>\r\n<td>изотактической фракции</td>\r\n<td>95...98</td>\r\n</tr>\r\n<tr>\r\n<td>атактической фракции</td>\r\n<td>5...2</td>\r\n</tr>\r\n<tr>\r\n<td>Предел прочности при разрыве, кг/см2</td>\r\n<td>260-400</td>\r\n</tr>\r\n<tr>\r\n<td>Отностительное удлинение при разрыве, %</td>\r\n<td>200-700</td>\r\n</tr>\r\n<tr>\r\n<td>Температура плавления, 0С</td>\r\n<td>160-170</td>\r\n</tr>\r\n<tr>\r\n<td>Температура стеклования, 0С</td>\r\n<td>-10...-20</td>\r\n</tr>\r\n<tr>\r\n<td>Степень кристалличности, %</td>\r\n<td>50-75</td>\r\n</tr>\r\n<tr>\r\n<td>Морозостойкость, 0С</td>\r\n<td>-10 и ниже</td>\r\n</tr>\r\n<tr>\r\n<td>Теплопроводность, кал/сек&times;см&times;град</td>\r\n<td>0,00033</td>\r\n</tr>\r\n<tr>\r\n<td>Удельная теплоемкость, кал/г&times;град</td>\r\n<td>0,40-0,50</td>\r\n</tr>\r\n<tr>\r\n<td>Коэффициент объемного расширения при 20 0С</td>\r\n<td>0,00033</td>\r\n</tr>\r\n<tr>\r\n<td>Влагопоглощение за 30 сут при 20 0С, %</td>\r\n<td>0,03</td>\r\n</tr>\r\n<tr>\r\n<td>Тангенс угла диэлектрических потерь при 10^6 Гц</td>\r\n<td>(3-5)10^-4</td>\r\n</tr>\r\n<tr>\r\n<td>Диэлектрическая проницаемость при 10^6 Гц</td>\r\n<td>2,2</td>\r\n</tr>\r\n<tr>\r\n<td>Удельное объемное электрическое сопротивление, Ом&times;см</td>\r\n<td>10^17</td>\r\n</tr>\r\n<tr>\r\n<td>Удельное поверхностное электрическое сопротивление, Ом</td>\r\n<td>10^16</td>\r\n</tr>\r\n<tr>\r\n<td class="bottom">Электрическая прочность на переменном токе на пластинах толщиной 1 мм, кв/мм</td>\r\n<td class="bottom">30-35</td>\r\n</tr>\r\n</tbody>\r\n</table>\r\n<p>Полипропилен обладает высокой стойкостью к кислотам, щелочам, растворам солей и другим неорганическим агрессивным средам. При комнатной температуре не растворяется в органических жидкостях, при повышенных температурах набухает и растворяется в некоторых растворителях, например, в бензоле, четыреххлористом углероде, эфире.</p>\r\n<p>Полипропилен имеет низкое влагопоглощение. Характеризуется хорошими электроизо-ляционными свойствами в широком диапазоне температур.</p>\r\n<p>Полипропилен выпускается в виде окрашенных и неокрашенных гранул. Для окрашивания используют пигменты либо органические красители. Легкий кристаллизующийся материал. Различают гомополимер (изотактический полипропилен), блок-сополимер с этиленом (сополимер), а также статистический сополимер (random copolymer), металлоценовый полипропилен (mPP), сшитый полипропилен (PP-X, PP-XMOD).</p>\r\n<p>Полипропилен имеет хорошие механические свойства. Гомополимер имеет повышенную жесткость, может быть прозрачен, но хрупок при низких температурах. Блок-сополимер имеет большую ударопрочность и может использоваться при низких температурах. Имеет низкую износостойкость. Легко перерабатывается. Прозрачность материала обеспечивается за счет введения структурообразователя (нуклеатора), а также использования специальных технологических приемов (понижение температуры формы).</p>\r\n<h2>Области применения полипропилена</h2>\r\n<p>Полимерные материалы, в число которых входит и полипропилен, находят широкое применение и обеспечивают эффективность развития экономики и повышение конкурентоспособности продукции в отраслях-потребителях за счет замены дорогостоящих материалов, снижения материалоемкости, формирования прогрессивных технологий переработки материалов, создания новых поколений техники.</p>\r\n<p>Возможность получения широкой гаммы модифицированных материалов на основе полипропилена от смесевых термоэластопластов до высокомодульных высокопрочных пластиков, экологическая чистота продуктов, технологичность их переработки и утилизации способствуют тому, что полипропилен в последнее время вытесняет с мирового рынка пластмасс поливинилхлорид, АБС-пластики, ударопрочный полистирол. Полипропилен проник во все доминирующие отрасли экономики: электронику, электротехнику, машиностроение, автомобилестроение, приборостроение, транспорт, строительство и многие другие.</p>\r\n<p>Полипропилен иногда называют &laquo;королем&raquo; пластмасс. Известно, что полипропилен не является самым популярным полимером, пропуская вперед в списке лидеров как минимум полиэтилен и поливинилхлорид. Однако на сегодняшний день по темпам роста производства полипропилен вне конкуренции. Сфера его применения стремительно расширяется. И это при том, что весь научный и технический потенциал этого полимера до сих пор не реализован.</p>\r\n<h3>Полипропилен в упаковке</h3>\r\n<p>Полипропиленовые пленки &mdash; один из самых популярных в мире упаковочных материалов. Характеристики полипропиленовых пленок близки к пленкам из полиэтилена. По многим параметрам полипропиленовые пленки превосходят пленки из других полимеров. В частности они более стойки к нагреванию и химическому воздействию. полипропиленовые пленки можно подвергать стерилизации при высоких температурах (свыше 100 &ordm;С), что повышает их ценность для пищевой и фармацевтической отраслей.</p>\r\n<p>Другое достоинство полипропиленовых пленок &mdash; прозрачность, гибкость, нетоксичность, легкая свариваемость. Существенным продвижением на рынке упаковки полипропиленовые пленки обязаны новшествам под названием "ориентация пленки". Ориентированные в одном или двух взаимно перпендикулярных направлениях полипропиленовые пленки начали производить сравнительно недавно, но без них уже не возможно представить себе современный рынок гибкой упаковки. Ориентация пленки повышает ее жесткость, прочность, прозрачность и свойства влагоизоляции. Например, прозрачность ориентированной пленки как минимум в 4 раза превышает прозрачность не ориентированной пленки. В тоже время по такому показателю как свариваемость не ориентированные пленки явно лучше, поэтому ориентированная стала основной в тех видах упаковки, где именно прозрачность играет решающую роль (например, в галантерее).</p>\r\n<p>В последнее время полипропилен начинает потихоньку вытеснять полиэтилентерефталат и другие пластики в производстве бутылок различных емкостей и крышек для них. В мире все чаще встречаются бутылки из полипропилен с полипропиленовой пленкой вместо привычной этикеточной бумаги. Однако, в некоторых регионах мира этот процесс происходит крайне медленно, например, в Северной Америке. Также полипропилен все чаще используется в производстве других видов упаковки (тары, контейнеров). При этом полипропилен за счет большой прочности и химической стойкости теснит полистирол, за счет жесткости и глянцевитости &mdash; многие виды полиэтилена. Из-за высокой химической стойкости полипропилен широко применяется для плакирования емкостей, в которых хранятся и транспортируются так называемые агрессивные жидкости.</p>\r\n<h3>Полипропилен в волокнах</h3>\r\n<p>Существенные преимущества над другими полимерами полипропилен имеет в сфере производства волокон. Полипропиленовые волокна имеют относительно низкую стоимость. В среднем из 1 кг полипропилена получается больше волокон, чем из 1 кг любого другого полимера. При этом полипропиленовые волокна отличаются высокой прочностью и прекрасными эластичными свойствами. Еще одно достоинство волокон из полипропилена &mdash; высокая термостойкость. Единственным существенным недостатком этих волокон &mdash; уязвимость перед ультрафиолетовым излучением. Это, пожалуй, основной фактор, тормозящий начало повсеместного применения полипропиленовых-волокон в текстильной промышленности.</p>\r\n<h3>Полипропилен в машиностроении</h3>\r\n<p>Одним из свойств полипропилена является высокая износостойкость. Это обуславливает широкое применение полипропилена в машиностроении, автомобилестроении и строительстве. Из полипропилена производят делали различного оборудования (холодильников, пылесосов, вентиляторов), в автомобилестроении из полипропилена делают амортизаторы, блоки предохранителей, детали окон, сидений, бамперы и детали кузова автомобилей и т.д.</p>\r\n<h3>Полипропилен в электронике и электротехнике</h3>\r\n<p>Здесь из полипропилена производят изоляционные оболочки, катушки, ламповые патроны, детали выключателей, корпуса телевизоров, телефонных аппаратов, радиоприемников и т.д. С применением полипропилена в качестве изоляционного материала существует ряд трудностей, в этой области применения ПВХ пока является практически безальтернативным. А вот что касается производства пеноизоляции для коммуникационных проводов, то здесь полипропилен уже успешно конкурирует с полиэтиленом.</p>\r\n<h3>Полипропилен в медицине</h3>\r\n<p>Здесь самое востребованное качество полипропилена&mdash; устойчивость при высоких температурах. Это дает возможность продукции, сделанной из полипропилена, подвергаться горячей стерилизации в любых условиях. Благодаря этому из полипропилена производят ингаляторы и разовые шприцы. В производстве шприцов полипропилен в очередной раз обошел ПЭ и полистирол. Кроме того, шприцы часто упаковывают в пленку. И здесь также чаще применяется полипропилена.</p>\r\n<h2>Позиции полипропилена на рынках полимеров</h2>\r\n<p>Одной из причин стремительного роста потребления полипропилена является расширение сфер его применения за счет вытеснения других полимеров. В первую очередь это касается полистирола и ПВХ. Эти два полимера подвержены наибольшим нападкам со стороны экологически озабоченной части общественности, что соответствующим образом отражается на законодательных инициативах властей, особенно в Европе. Именно законодательства, преследующие эти виды полимеров по двум основным позициям &ndash; утилизация отходов и токсичность &ndash; заставляет многих производителей готовой пластиковой продукции все чаще обращаться к полипропилену, как к альтернативному материалу.</p>\r\n<p>Полипропилен не токсичен и гораздо легче, чем большинство других пластиков, утилизируется. Законодательство в отношении к полипропилена гораздо более мягкое. В первую очередь это относится к главной сфере применения полипропилена &ndash; упаковке.</p>\r\n<p><em>Таблица 2: Мировое потребление полипропилена по отраслям промышленности</em></p>\r\n<table class="price" border="1">\r\n<tbody>\r\n<tr>\r\n<td class="bottom"><strong>Область применения</strong></td>\r\n<td class="bottom"><strong>Доля, %</strong></td>\r\n</tr>\r\n<tr>\r\n<td>Упаковка</td>\r\n<td>33</td>\r\n</tr>\r\n<tr>\r\n<td>Мебель</td>\r\n<td>14</td>\r\n</tr>\r\n<tr>\r\n<td>Транспорт</td>\r\n<td>12</td>\r\n</tr>\r\n<tr>\r\n<td>Товары широкого потребления</td>\r\n<td>10</td>\r\n</tr>\r\n<tr>\r\n<td>Электроника</td>\r\n<td>9</td>\r\n</tr>\r\n<tr>\r\n<td>Строительство</td>\r\n<td>6</td>\r\n</tr>\r\n<tr>\r\n<td class="bottom">Другие</td>\r\n<td class="bottom">16</td>\r\n</tr>\r\n</tbody>\r\n</table>\r\n<p><br />Еще один фактор, играющий в пользу полипропилена &ndash; цена. Во многих сферах применения полипропилена также удается теснить другие полимеры, но уже не из-за экологии, а благодаря более низкой себестоимости. Именно этим полипропилен обязан своим достижением в сфере производства продукции так называемых инженерных пластмасс (электроника, автомобилестроение и т.д.).</p>\r\n<p>Сильны позиции полипропилена в производстве полимерных волокон и нитей. Здесь дешевизна и легкость утилизации позволяют полипропилену вытеснять другими материалами в сфере производства предметов домашнего обихода (ковры, пледы и прочие материалы, которые теперь все меньше производятся из тканей), предметов гигиены (те же одноразовые подгузники) и предметов медицинской сферы. В последнее время полипропилен начал широко применяться в автомобилестроении.</p>', '14.06.2016', '', ''),
	(2, 113, 'Полимеры в автомобилестроении 2016: Кого поддерживаем?', '<div>\r\n<div>Способен ли автопром сыграть роль локомотива экономики в сегодняшних условиях? Этот вопрос волнует многих российских производителей, так или иначе ориентированных на автомобильный сектор. Они пристально наблюдают за самочувствием автомобилестроения, стараясь поймать момент подъема или формирования новых запросов к поставщикам.</div>\r\n<div><br />Игроки полимерного рынка &ndash; не исключение. В ходе Восьмой международной конференции &laquo;Полимеры в автомобилестроении 2016&raquo;, организованной компанией INVENTRA, лейтмотивом звучал главный вопрос: &laquo;Стоит ли полимерной индустрии рассчитывать на автопром?&raquo; Мероприятие прошло при поддержке Группы &laquo;Полипластик&raquo; и агентства ChemOrbis. Сформулированный одним из участников конференции в качестве темы доклада, вопрос на самом деле отразил надежды и сомнения полимерного сообщества, связанные с этой крупнейшей отраслью.</div>\r\n<div><br />&laquo;Сейчас очень много говорится о трудностях в автомобильной промышленности и смежных отраслях. Совещания в ведомствах, противостояния в СМИ, заочные споры &ndash; все это скорее теоретические изыскания, - говорит управляющий директор Группы CREON Сергей Столяров. &ndash; Реальные же сложности зачастую остаются скрытыми. Бывает так, что игроки рынка просто не могут друг до друга достучаться. Наша конференция &ndash; это та площадка, где говорится о настоящих проблемах и предлагаются практические пути их решения. Давайте обсудим не идеальные перспективы российских автокомпонентщиков, а их реальные возможности&raquo;.</div>\r\n<div><br /><strong>Немного статистики</strong></div>\r\n<div><strong><br /></strong>В 2012 г. в России было произведено 2.24 млн единиц транспортных средств. Годом позже объем выпуска снизился до 2.19 млн шт., но, тем не менее, уровень производства оставался еще вполне приличным, следует из доклада директора по развитию Russian Automotive Market Research Александра Козлова. С 2013 по 2016 гг. &ndash; сокрушительное падение выпуска до 1.26 млн шт., вызванное резким сокращением платежеспособного спроса на рынке. Автомобили перестали покупать в прежнем количестве по вполне понятным причинам: сказалась девальвация рубля и двукратное в валютном эквиваленте сокращение свободных денежных средств как у населения, так и у предприятий.<br /><br /><img title="Фото: INVENTRA" src="http://plastinfo.ru/content/imgupload/articles_2015/1_1_aa.png" /><br /><br /><strong>Что дальше?</strong></div>\r\n<div><strong><br /></strong>Министерство экономического развития (МЭР) полагает, что спад в экономике России в значительной степени завершился, при этом стагнация в ней пока продолжается. А автопром, как неоднократно подчеркивалось в ходе конференции, живет по тем же законам, что и экономика страны в целом.</div>\r\n<div><br />Поэтому и прогноз Russian Automotive Market Research выглядит вполне логичным. Рынок автомобилей, по расчетам аналитиков, восстановится только лет через пять, да и то не в полном объеме.</div>\r\n<div><br />Потребительский спрос на авто в России достигнет уровня в 1.9 млн шт. не ранее 2021 г. Данный показатель предусматривается базовым (реалистичным) сценарием развития отрасли. Пессимистичный прогноз дает всего лишь 1.67 млн автомобилей к 2021 г. Однако даже по самым оптимистичным оценкам &ndash; с объемами в 2.3 млн авто - российский рынок не достигнет своего пика 2013 г., когда россияне приобрели 2.46 млн новых автомобилей.<br /><br /><img title="Фото: INVENTRA" src="http://plastinfo.ru/content/imgupload/articles_2015/1_2_bb.png" /><br /><br /><strong>Новая реальность</strong></div>\r\n<div><br />Таким образом, мы оказываемся в новой реальности, когда вместо роста придется пережить топтание на месте. Отдельно взятой отрасли или предприятию набрать обороты за счет общего тренда в макроэкономике уже не получится. Предстоит продвигаться вперед вопреки общей стагнации, используя собственный потенциал. В автопроме он как раз имеется и связан с локализацией производств на территории России.</div>\r\n<div><br />Локализация автокомпонентов, по экспертным данным, еще не доведена до максимума. По разным типам запчастей ее уровень на сегодняшний день составляет в среднем немногим более 30%. К 2020 г. ожидается, что предприятия смогут довести этот показатель до 45%.</div>\r\n<div><br />Автоконцерны подтверждают озвученный тренд. В частности, Ford Sollers, с опережением среднего уровня по отрасли, планирует увеличить к концу года локализацию автокомпонентов с 50 до 55%, сообщила в ходе конференции инженер по разработке и внедрению локальных материалов для автокомпонентов Ford Sollers Holding Гузель Кирсанкина. <br />Продолжает развивать партнерство с автопромом в России Atsumitec Toyota Tsusho Rus. Сергей Степанов, ведущий менеджер дивизиона химии и электроники компании, рассказал об опыте локализации автокомпонентов в России. Последний большой проект &ndash; завод в Особой экономической зоне в Тольятти.</div>\r\n<div><br />Отметим, что целый ряд игроков автопрома, приняв решение локализовать производство в России, воспользовались льготными режимами особых экономических зон. Как рассказала руководитель направления отдела взаимодействия с инвесторами проекта &laquo;Россия. Особые Экономические Зоны&raquo; Арина Сосновская, число инвесторов из разных отраслей уже достигло 480, сумма вложений составила 2.5 млрд руб. Льготы позволили резидентам сэкономить до 30% от общей стоимости проектов. Арина Сосновская призвала поставщиков автопрома задействовать предлагаемые механизмы особых экономических зон России при реализации своих инвестиционных планов.</div>\r\n<div><br />Развивают партнерские отношения с международными игроками и традиционные российские производители автокомпонентов. Об опыте применения отечественных эмалированных проводов для изготовления автокомпонентов отечественных и зарубежных концернов рассказал технических директор Завод &laquo;Микропровод&raquo; Юрий Зеленецкий.</div>\r\n<div><br />Работу с локализованным автопромом ведут и поставщики высокотехнологичных материалов мирового уровня. Специалист по продажам отдела специальных материалов ЗМ Россия Анна Ивушкина проинформировала о применении микросфер для улучшения показателей изделий из термопластов.</div>\r\n<div><br /><strong>Направления локализации</strong></div>\r\n<div><strong><br /></strong>Тенденцией последних лет стало не только изготовление ряда запчастей на российской территории, но и их выпуск из российских полимерных материалов.</div>\r\n<div><br />У Ford Sollers доля исходного полимерного сырья российского происхождения, используемого в локализованных автокомпонентах, составляет 37%, к концу года планируется увеличить ее до 46%. OEM локализовал уже 24 полимерных материала, наладив работу с 6 российскими производителями сырья и композиций.</div>\r\n<div><br />Автогиганты не намерены останавливаться на достигнутом и рады бы дальше внедрять российские материалы. За счет локального сырья они не только соблюдают условия работы в России, но и сокращают собственные издержки, что является чуть ли не основной задачей в кризисный период. Однако проблемы возникли там, где не ждали, и теперь годами не находят своего решения &ndash; конкретные примеры участники конференции привели в ходе дальнейшей дискуссии.</div>\r\n<div><br /><strong>Препятствия непреодолимы?</strong></div>\r\n<div><strong><br /></strong>Казалось бы, настал звездный час отечественных производителей полимеров, появился шанс &laquo;зайти&raquo; со своей продукцией в непроходимые двери мировых автогигантов. Но, как показала практика нескольких последних лет, в России нет достаточного ассортимента материалов, который требуется для локализованного автопрома. Проблема неоднократно поднималась в рамках конференций предыдущих лет, продолжает обсуждаться в профессиональном сообществе, но пока с новыми материалами &ndash; большие трудности.</div>\r\n<div><br />Например, в России отсутствует собственный ПЭНД, подходящий для производства многослойных топливных баков из полиэтилена. Российский материал позволил бы на 100% локализовать данный автокомпонент.</div>\r\n<div><br />У Ford Sollers есть четкий запрос на новые полипропиленовые компаунды для применения в интерьерных и экстерьерных изделиях. &laquo;Необходимо также развитие производства отечественных модификаторов и наполнителей. Работа по данным направлениям позволит увеличить долю российских материалов в производстве продукции концерна&raquo;, - считает Гузель Кирсанкина.</div>\r\n<div><br />Но проблема выпуска новых материалов &ndash; в нерентабельности их производства в России ввиду малых объемов.</div>\r\n<div><br /><strong>Пути решения</strong></div>\r\n<div><strong><br /></strong>На конференции звучал призыв к автопроизводителям объединять свои потребности в сырье. Консолидированную информацию можно было бы представить госрегуляторам, которые в свою очередь могли бы создать условия производителям сырья для работы по малотоннажным материалам.</div>\r\n<div><br />Есть и другой путь &ndash; не ограничиваться внутренним рынком, но он тоже связан с политикой государства. По мнению директора по науке и развитию НПП &laquo;Полипластик&raquo; Михаила Кацевмана, решением многих проблем тоннажа может быть переход от &laquo;локализации&raquo; и импортозамещения к &laquo;конкурентоспособности&raquo; производства через глобальные поставки материалов на ОЕМ и при господдержке экспорта.</div>\r\n<div><br />Надо сказать, что идея развития экспорта продукции автопрома близка и Минпромторгу. В прессе представители министерства даже называли перспективные рынки: Ближний Восток, Африка, страны Европы. Это бы позволило сохранить всех существующих игроков на российской территории, загрузить их объемами и создать дополнительный спрос у смежников, в том числе и среди поставщиков полимерных материалов.</div>\r\n<div><br />При таком сценарии России необходимо будет создать на своей территории сертификационные центры мирового уровня. Потребность в них есть уже сегодня - на конференции представители автопрома говорили о том, что в России нужен независимый сертифицированный мировыми лидерами авторынка центр по тестированию материалов, и желательно с госсубсидиями на проведение испытаний.</div>\r\n<div><br />Несмотря на то, что идея экспорта актуальна сегодня и рациональна, для ее воплощения понадобится не один год - как на выстраивание производственной кооперации, так и на завоевание рынков.</div>\r\n<div><br />Более быстродействующие меры игроки рынка связывают с оптимизацией импортных пошлин. Михаил Кацевман в очередной раз напомнил о необходимости обнуления импортных пошлин на химические вещества, не производимые в России. Данная мера, по его мнению, могла бы существенно улучшить положение российских полимерных компаний.</div>\r\n<div><br />Также, по мнению представителя &laquo;Полипластика&raquo;, необходимо менять идеологию и механизм ценообразования для потребителей композиционных материалов. Скачки валютных курсов при существующих формулах периодически делают российский материал дороже импортных аналогов.</div>\r\n<div><br /><strong>Эпоха возрождения</strong></div>\r\n<div><strong><br /></strong>Несмотря на указанные сложности, российское производство полимерных материалов - вне привязки к автопрому - переживает ренессанс. В прошлом году выпуск полимеров вырос на 11.9% при общем снижении рынка изделий из пластмасс на 6.5%.</div>\r\n<div><br />Ярким примером стал рост производства АБС-пластиков в России. В первом квартале 2016 г. выпуск АБС увеличился на 33.9% по сравнению с первым кварталом прошлого года, при этом импорт АБС в этот же период сократился на 16%, сообщила в ходе конференции генеральный директор Торгового дома &laquo;Пластик&raquo; Анна Даутова.<br /><br /><img title="Фото: INVENTRA" src="http://plastinfo.ru/content/imgupload/articles_2015/1_3_cc.png" /><br /><br />&laquo;Первый квартал подтвердил тенденции последних лет, когда идет сокращение импорта и планомерный рост российского производства. При этом происходит снижение потребления. В первом квартале оно составило 13.7%&raquo;, - уточнила руководитель Торгового дома.</div>\r\n<div><br />Получается, что в целом сырьевой сектор чувствует себя неплохо. Если рассматривать автомобильный сегмент, то до 2013 г. для автопрома импортных полимерных материалов завозилось больше, чем производилось в стране. С 2013 г. объемы сравнялись и почти синхронно двинулись вниз, уменьшившись за три года с 30 до 20 тыс. т полимерных материалов, т. е. роста российских полимеров именно в автопроме в эти годы не наблюдалось, в отличие от других отраслей. Не случайно российские поставщики материалов для авто стали тогда диверсифицировать бизнес, перенаправлять продукцию в другие сегменты, например, в бытовую технику. <br /><br /><img title="Фото: INVENTRA" src="http://plastinfo.ru/content/imgupload/articles_2015/1_4_dd.png" /><br /><br /><strong>Разворот начат</strong></div>\r\n<div><br />Но автопром уже начинает разворот в сторону российских материалов. Пластики активно испытываются, и при &laquo;попадании&raquo; в нужные характеристики отечественный продукт имеет шансы закрепиться в сегменте локализованных авто. И не только у локализованных, но и у вполне традиционных производителей.</div>\r\n<div><br />Так, например, &laquo;КАМАЗ&raquo; планомерно увеличивает долю полимерных материалов в моделях грузовиков. Как сообщил заместитель главного конструктора по компонентам Хайретдин Шараев, в 2008 г. на один автомобиль приходилось около 150 кг пластиков, в настоящее время их вес доведен до 230 кг, а в планах до 2020 г. - увеличить применение пластиковых изделий в объеме до 550-560 кг на один автомобиль. На &laquo;КАМАЗе&raquo; также ждут от соотечественников новые материалы и сетуют, что в России отсутствуют полностью российские компаунды для применения в производстве автокомплектующих. &laquo;Исправить ситуацию могла бы модернизация существующих производств, внедрение новых технологий для обеспечения стабильности свойств материалов, разработка новых материалов и расширение сортамента специальных конструкционных полимеров&raquo;, - убежден представитель &laquo;КАМАЗа&raquo;.</div>\r\n<div><br />Полимерные материалы для автопрома в принципе могут найти для себя и более широкие сферы применения, будучи запущенные в производство на территории России. Технические пены могут стать новой нишей для российских производителей, считает руководитель направления &laquo;Технические пены, покрытия и аксессуары&raquo; компании &laquo;К-Флекс&raquo; Сергей Скурихин. По его оценке, объем российского рынка технической пены на основе резины для автомобилестроения составляет 100 тыс. м<sup>2</sup> в год. При расширении применения рынок может быть и более емким.</div>\r\n<div><br />Исходя из всего вышесказанного, вопрос о том, стоит ли полимерам рассчитывать на автопром, можно развернуть в несколько другой плоскости: &laquo;А стоит ли автопрому рассчитывать на российские полимеры?&raquo;</div>\r\n<div><br />Сырьевой рынок неплохо себя чувствует даже при спаде в автопроме, а вот переработчики нуждаются в локальном сырье, которое может улучшить экономику их производства. По данным старшего аналитика ЦЭП &laquo;Газпромбанка&raquo; Кирилла Никоды, объем импорта автокомпонентов и деталей в 2015 г. составил 6.5 млрд долл. Потенциально это резерв для импортозамещения. Сырьевики, безусловно, работают над новыми материалами, но, принципиально инновационные продукты требуют инвестиций, технологий и государственного масштаба.</div>\r\n<div><br />Не менее системный подход у государства должен быть и непосредственно к автопрому. Надо признать, что автомобильная отрасль не обделена вниманием государства. В 2015 г. каждый третий новый автомобиль был продан с использованием одной из мер господдержки. В 2016 г. с использованием мер будет реализовано 40-50% автомобилей. В целом на поддержание спроса в текущем году будет инвестировано 46.8 млрд руб. госсредств.</div>\r\n<div><br />Тем не менее, падение рынка значительно &ndash; до 37%, поэтому и большинство участников конференции в ходе интерактивного голосования признали, что автомобильной отрасли требуется больше финансирования и конкретики в условиях получения льгот. С такой оценкой ситуации согласны 43% проголосовавших. При этом примерно столько же голосов - 41% убеждены, что рынок в принципе мало чувствует поддержку. <br /><br /><img title="Фото: INVENTRA" src="http://plastinfo.ru/content/imgupload/articles_2015/1_5_ee.png" /><br /><br />Поэтому продолжать работать с отраслью необходимо, причем с учетом экспертных мнений специалистов, видящих рынок изнутри. Если предложения участников отрасли будут хотя бы частично реализовываться в ближайшей перспективе, то есть надежда, что у автомобильной отрасли и ее поставщиков появится шанс вновь стать локомотивом экономики.</div>\r\n<div><br />&laquo;Ежегодно государство вливает в автопром прямо или косвенно очень серьезные деньги, - резюмирует генеральный директор INVENTRA Николай Асатиани. &ndash; Субсидии, дотации, льготные условия, стимулирование спроса, докапитализация крупнейшего производителя для компенсирования его убытков &ndash; все эти меры призваны помочь автоконцернам не только удержаться на плаву, но и продолжить развиваться. Возможно, от этого большого финансового пирога стоит отрезать кусочек и угостить автокомпонентщиков? Этот сегмент не требует больших затрат &ndash; во всяком случае, не таких, как автомобильная промышленность. А отдача может быть гораздо выше. Поддержав производителей компонентов сейчас, государство уже через несколько лет получит современную инновационную отрасль. Которая, в свою очередь, будет помогать автопрому, а не тянуть его вниз&raquo;.</div>\r\n<div>&nbsp;</div>\r\n</div>\r\n<div>&nbsp;</div>\r\n<div>Источник: <a class="bluetitle" href="http://www.creonenergy.ru/news/post_relizy/detailPost.php?ID=117333" rel="nofollow">Инвентра (CREON Energy)</a></div>', '15.06.2016', '', ''),
	(3, 114, 'Полимерные трубы и фитинги 2016: Без напора – труба!', '<div>\r\n<div>Стремительное падение спроса на полимерные трубы продолжается третий год подряд, соответственно растет степень износа требующих замены сетей. Участники рынка уповают на единичные коммерческие проекты и ожидают, что аварийное состояние инфраструктуры само по себе со временем станет драйвером восстановления отрасли.<br /><br />Компания INVENTRA 8 апреля провела Десятую международную конференцию &laquo;Полимерные трубы и фитинги 2016&raquo;. Генеральным спонсором мероприятия выступила Группа &laquo;ПОЛИПЛАСТИК&raquo; партнером &ndash; компания &laquo;Центрополимер&raquo;. Конференция прошла при поддержке компании LyondellBasell Polyolefins, информационным спонсором выступил журнал &laquo;Полимерные материалы&raquo;<br /><br />В приветственном слове Санджар Тургунов, генеральный директор CREON Energy, отметил, что российский рынок полимерных труб стал по-настоящему российским ввиду того, что серьезно сократился импорт, в т.ч. и готовых изделий, и место на рынке заняло большое количество отечественных компаний. Но есть и плохие новости: несмотря на то, что заявлено много крупных проектов, проблемы в области строительства и ЖКХ актуальны, и по итогам года ожидается сильное падение в данных секторах. Также традиционно остро стоит вопрос объема контрафактной продукции в кризисный период.<br /><br />В течение двух последних лет кризис в трубной отрасли проявился в падении спроса, которому способствовало резкое сокращение государственных программ по замене изношенных трубопроводов. Уменьшилось количество проектов в строительном сегменте, также были приостановлены ремонты в домах, а это крупный сектор потребления ПВХ и ПП-труб. Падение в сегментах ПЭ, ПП и ПВХ-труб в 2014-2015 гг. составило 24%. При этом в большей степени пострадал рынок полиэтиленовых труб, что дало возможность полипропиленовым и поливинилхлоридным трубам увеличить свою долю с 30% в 2013 г. до 37% в прошлом году, сообщила в рамках своего доклада Лола Огрель, директор департамента аналитики INVENTRA. <br /><img src="http://plastinfo.ru/content/imgupload/articles_2015/tf_1.png" /><br />Внеплановая остановка предприятия &laquo;Саянскхимпласт&raquo; в первом квартале 2016 г. пока не повлияла на производство ПВХ-труб. К тому же многие российские производители и до этого предпочитали китайское сырье российскому поливинилхлориду ввиду его дешевизны. С 2009 по 2014 гг. среднегодовые темпы роста производства поливинилхлоридных труб в России составили 33.5%. При этом их потребление развивалось менее интенсивно - 26% в год. В 2015 г. произошло снижение как производства, так и спроса. Основное падение наблюдалось в сегменте электромонтажных труб для прокладки кабеля и коммуникаций связи. Выпуск данных изделий упал на 21% при общем снижении производства в 11%.<br /><img src="http://plastinfo.ru/content/imgupload/articles_2015/tf_2.png" /><br />Если в 2003 г. производством ПВХ-труб занималось не более 10 предприятий, то на текущий момент их количество увеличилось до 30. Безусловным лидером среди них является компания &laquo;Хемкор&raquo; из Нижегородской области. По итогам 2015 г. доля предприятия в общем объеме производства ПВХ-труб различного назначения увеличилась до 38%. По оценке эксперта, производство полипропиленовых труб в прошлом году увеличилось на 4%, составив 80 тыс. т. Но если говорить о ситуации в целом, потребление всех видов полипропиленовых труб сократилось на 19%. Падение спроса на внутреннем рынке было компенсировано уходом импортной продукции, которая в нынешних экономических условиях оказалась менее конкурентоспособной. Несмотря на падение спроса в данном сегменте, отечественное производство продолжает развиваться. В конце 2015 г. турецкая компания &laquo;Дизайн рус&raquo; запустила производство труб в ОЭЗ &laquo;Алабуга&raquo;. Весной текущего года планируется открытие производства ПП-труб и фитингов для холодного, горячего водоснабжения и отопления в индустриальном парке &laquo;Тольяттисинтез&raquo;. Также имеются более отдаленные планы по запуску новых заводов у других российских компаний.<br /><img src="http://plastinfo.ru/content/imgupload/articles_2015/tf_3.png" /><br />Лидерские позиции в секторе полипропиленовых труб второй год подряд удерживает завод &laquo;ПРО АКВА&raquo;. Предприятие сократило производство, но это обусловлено не падением спроса на выпускаемую продукцию, а реконструкцией на заводе. Снижение производства также отмечено и у двух других компаний, входящих в тройку крупнейших, - &laquo;Политэк ПТК&raquo; и &laquo;ПОЛИПЛАСТИК&raquo;.<br /><br />Ситуацию на рынке полиэтиленовых труб в России и сопредельных странах представил Кирилл Трусов, директор департамента трубопроводных систем Группы &laquo;ПОЛИПЛАСТИК&raquo;. Падение в российском сегменте ПЭ-труб, начавшееся в 2014 г. (минус 8%), продолжилось и в 2015 г. (минус 25%), что заставляет серьезно задуматься о текущих перспективах и самого рынка, и его основных участников. Для прогнозирования объемов рынка в 2016 г. докладчик рассмотрел позитивный, негативный и консенсус-сценарии. Согласно последнему сокращение рынка полиэтиленовых труб может составить до 10%, но, судя по тому, как прошел первый квартал, ситуация может оказаться лучше ожиданий - в пределах минус 5-7% по году. За два предыдущих года российский рынок ПЭ-труб суммарно просел на 31%, и если консенсус-прогноз окажется верным, то стоит ожидать падение до 38% за три года. Если сравнивать поведение рынка с кризисом 2009 г., когда падение было еще большим и составило 50%, следует отметить, что сейчас процесс восстановления займет гораздо больше времени. Ожидается, что в 2018-2019 гг. спрос будет понемногу расти с выходом на прежние объемы в 2020-2021 г. Таким образом, если учесть, что некоторые проекты все-таки продолжают реализовываться, можно говорить о будущем восстановлении в перспективе 4-5 лет. <br /><img src="http://plastinfo.ru/content/imgupload/articles_2015/tf_4.png" /><br />По итогам 2015 г. казахстанский рынок полиэтиленовых труб продемонстрировал небольшой рост в 7% (83 тыс. т). В текущем году стоит ожидать остаточное увеличение в пределах 3% за счет того, что на данный момент завершены еще не все проекты. Рынки полиэтиленовых труб Украины и Белоруссии в прошлом году сравнялись, составив по 19 тыс. т; в 2016 г. их емкость увеличится еще на 1 тыс. т.<br /><br />В прошлом году в РФ впервые сократился ввод в эксплуатацию объектов гражданского строительства. На сегодняшний день исправно финансируется только строительство военных объектов, но этого недостаточно для того, чтобы удержать потребление полимерных труб на привычном уровне. Драйвером в данном случае также не могут служить строящиеся объекты для чемпионата мира по футболу. Все это хорошо коррелирует с сегментами потребления ПЭ-труб и изменением их долей. По сравнению с 2014 г. в прошлом году газовый сегмент упал на 29%, это было связано с остановкой большинства программ газификации. Далее следует водный сегмент &ndash; падение на 27% в 2015 г. Наименьшее падение продемонстрировал безнапорный сегмент &ndash; всего на 14%. Прогнозы на 2016 г. таковы: газ может упасть максимум на 5-10%, вода &ndash; на 10%, безнапорные системы &ndash; на 12-14%. <br /><br />Среди других негативных тенденций в структуре рынка докладчик отметил продолжающееся четвертый год сокращение количества и доли средних производителей труб, которые уходят с рынка, реагируя на снижение эффективности бизнеса в существующих условиях. В поисках положительных для сегмента новостей и тенденций можно обратить внимание на динамику спроса на конкурирующие товары-заменители. По данным Кирилла Трусова, потребление металлических труб в строительстве и ЖКХ в 2015 г. упало более чем на 12%. В этом смысле следует продолжать активную работу по внедрению полимерных систем в проектные решения, ведь в России по-прежнему существует огромный, даже кратный отрыв в показателе потребления полимерных труб на душу населения по сравнению с Европой, Северной Америкой и Китаем.<br /><br />Резкое падение рынка полипропиленовых труб, в отличие от ПЭ, произошло только в 2015 г. &ndash; потребление просело более чем на 20%. Об этом в своем докладе сообщил Олег Козлов, технический директор компании &laquo;Альтерпласт&raquo;. Стабильные итоги 2014 г. объясняются спецификой сегмента, т.к. трубы для внутридомового применения закупаются на последнем этапе строительства. Соответственно, поставщики ПП-труб ощущают кризис позже всех, когда объекты сданы, а новые не запущены. При этом падение рынка ударило только по импортерам полипропиленовых труб. Сильно сократились поставки турецких компаний &ndash; основных поставщиков ПП-труб на российский рынок, снизилась доля поставок из Чехии, Китая и других стран. Отечественные производители увеличили поставки на 2/3 и впервые заняли более 50% рынка. Объем российского рынка полипропиленовых труб малого диаметра по итогам 2015 г. составил 83.5 тыс. т. Лидером в данном сегменте является компания &laquo;Эгопласт&raquo; с маркой Pro Aqua (9.3 тыс. т). Второе и третье место занимают трубные марки Kalde (6.8 тыс. т) и Valfex (6.2 тыс. т). Пятерку лидеров замыкают Tebo Technics (5.93 тыс. т) и &laquo;Политэк&raquo; (5.9 тыс. т). <br /><br />В части сырьевого обеспечения, значительная доля поставлена российскими производителями, такими как &laquo;Сибур&raquo; и &laquo;Лукойл&raquo;, что и обеспечило развитие российского производства труб. Что касается импортного сырья, то марка полипропилена RA-130 E, поставляемая на российский рынок компанией Borelalis, является лидером в структуре импорта полипропилена для производства PPR-труб с долей 64%. Далее следует компания Sabic со своей маркой рандом-сополимера Vestolen P9421 (17%). LyondelBasell с полипропиленом марки Hostalen P5416 занимает 9%. Доля компаний Inno-Comp и Hyosung в данном сегменте составляют 6% и 4% соответственно.<br /><br />Антон Василенко, инженер по развитию и технической поддержке LyondellBasell, представил доклад, посвященный новому поколению полипропилена Hostalen PP XN125-P. Благодаря технологии полимеризации Spherizone и новейшему поколению катализаторов Циглера-Натта, компания смогла синтезировать новое поколение ПП, содержащий сомономер Гексен-1, который широко используется в полиэтиленовой среде, но никогда до этого не использовавшийся для крупнотоннажного производства полипропилена. Характеристики материала дают возможность производить многослойные трубы с более тонкой стенкой, сохраняя при этом высокие свойства к растрескиванию и стойкость к дезинфектантам. Полипропилен марки XN классифицирован как PP-RCT с показателем минимальной длительной прочности (MRS) 12.5 МПа.<br /><br />Среди положительных итогов года &ndash; исчезновение дефицита сырья для производства труб. Обмен мнениями на конференции показал, что увеличение доступности ПЭ, ПП и ПВХ для производителей труб сняло одну из проблем, с которыми они сталкивались при росте рынка. На падающем рынке, к сожалению, выясняется, что главным фактором становится конечный спрос. Так думают 60% опрошенных:<br /><img src="http://plastinfo.ru/content/imgupload/articles_2015/tf_5.png" /><br />По словам Лидии Трошиной, исполнительного директора НО &laquo;Ассоциации производителей и потребителей трубопроводов с индустриальной полимерной изоляцией&raquo;, на данный момент в отдельных регионах России до 70% трубопроводов тепловых сетей превысили срок безаварийной службы, более 30% находится в аварийном состоянии и нуждается в немедленной замене. Утечки и неучтенные расходы воды в системах теплоснабжения составили в среднем по России 15-20% от всей подачи воды в год. Теплопотери доходят до 30% и составляют 410-420 млн Гкал/г, что эквивалентно 81-83 млн т условного топлива.<br /><br />На сегодняшний день в 35 регионах страны насчитывается более 90 предприятий, производящих трубы в ППУ-изоляции. Увеличивается количество предприятий в Поволжском, Уральском и Сибирском округах, в то время как в Северо-Западном округе из 12 заводов в 2012-2014 гг. на данный момент осталось всего 4. Это связано с высокой конкуренцией предприятий и их недозагруженностью. Общая мощность производственных площадок отрасли составляет около 10 тыс. км в год как магистральных, так и разводящих трубопроводов (от 57 мм и ниже до 1400 мм), но из-за недостатка инвестиций в модернизацию тепловых сетей мощности предприятий используется в среднем на 30-60%. <br /><br />Сокращение финансирования программ строительства и реконструкции тепловых сетей, нехватку квалифицированных специалистов в теплоснабжении докладчик считает основными проблемами для российского рынка предизолированных труб. Отвечая на вопрос о динамике объемов производства труб в данном сегменте, докладчик отметила, что в 2013-2014 гг. фиксировался прирост, но по итогам 2015 г. было существенное снижение. В среднем динамика оценивается до минус 15% по прошлому году, прогноз на 2016 г. дать весьма затруднительно.<br /><br />Доклад, посвященный рынку СП-труб для нефтегазовой отрасли, был представлен Русланом Волковым, коммерческим директором НПП &laquo;Завод стеклопластиковых труб&raquo;. Объем отечественного сегмента СП-труб по прошлому году оценивается в 8.4 тыс. т. ($30-35 млн). Мировой рынок за прошедшие годы вырос до 1 млн т. Лидерами по применению стеклопластиковых труб являются страны, входящие в совет сотрудничества арабских государств Персидского залива (уровень внедрения - 22%). Если брать непосредственно нефтяную отрасль, то здесь средний уровень передовых по применению стеклопластика стран (Персидский залив, Казахстан) составляет около 5%, а в некоторых государствах (Аргентина) доходит и до 20%. При этом в российском ТЭК на стеклопластик приходятся лишь доли процента. В нефтегазовой отрасли применяются следующие виды СПТ: насосно-компрессорные трубы (для добычи нефти или для нагнетания воды в пласт); радиопрозрачные обсадные трубы, которые держат ствол скважины; промысловые нефте- и газопроводы, водоводы систем поддержания пластового давления; технологическая обвязка.<br /><br />Среди факторов, сдерживающих применение стеклопластиковых труб в России, докладчик выделяет недоработанную нормативно-правовую базу; негативный опыт из-за неправильного применения стеклопластика (например, на неустойчивых грунтах) и низкокачественной продукции некоторых изготовителей, в т.ч. китайских; наличие конкурентов в лице металлургов и других компаний-производителей, предлагающих антикоррозийные решения; объективно не самые благоприятные условия для использования СПТ в Западной Сибири, являющейся основным регионом нефтедобычи.<br /><br />О тенденциях рынка жилой недвижимости участникам мероприятия рассказала Ольга Муратова, директор по маркетингу BV Development. По итогам 2015 г. объем ввода жилья в России составил 83.8 млн м<sup>2</sup>. Самыми крупными игрокам на рынке ввода жилья является Москва (3.92 млн м<sup>2</sup>) и Московская область (8.5 млн м2), а также Санкт-Петербург (3 млн м<sup>2</sup>). В 2016 г. планируется вывести в продажу квартиры в 17 элитных жилых комплексах Москвы, что является рекордным за последние девять лет числом новых проектов элитного и премиум-класса для столичного рынка недвижимости.<br /><br />Объем предложения на рынке новостроек низких ценовых сегментов в Москве достиг 15.08 тыс. квартир (все предложения эконом- и комфорт-класса в старых границах города). Данный результат является рекордом последних пяти лет. Прежде на столичном рынке первичного жилья не было такого количества квартир на продажу. В общей сложности в Москве представлены 865 тыс. м<sup>2</sup> жилья в 123 корпусах комфорт-класса и 71.8 тыс. м<sup>2</sup> в 23 домах эконом-класса. Прошлый год был периодом резкого скачка цен на трубные марки полимеров, особенно почувствовали это импортеры. Ситуация в 2016 г. немного лучше &ndash; помимо того, что рублевые цены не растут как ранее, снизились и валютные цены на мировых рынках. <br /><img src="http://plastinfo.ru/content/imgupload/articles_2015/tf_6.png" /><br />В завершение конференции управляющий директор Группы CREON Сергей Столяров отметил: &laquo;Из года в год мы говорим о крайне низком подушевом потреблении полимерных труб в России как о потенциале для роста их производства и применения. Давно настало время этот потенциал реализовывать, и даже экономический кризис является поводом настаивать на использовании пластика в проектных решениях, доказывать, что дешевизна металла обманчива, а преимущества лежат в жизненном цикле, стоимости владения и эксплуатации полимерных трубопроводов. И, конечно, главный вопрос адресован основному заказчику инфраструктуры &ndash; государственной системе: не очевидна ли прямая связь между недофинансированием и аварийностью? Или &laquo;политические&raquo; проекты уже закончились?&raquo;</div>\r\n<div>&nbsp;</div>\r\n</div>\r\n<div>&nbsp;</div>\r\n<div>Источник: <a class="bluetitle" href="http://www.creonenergy.ru/news/arkhiv/detail.php?ID=118290" rel="nofollow">Инвентра (CREON Energy)</a></div>', '15.06.2016', '', ''),
	(4, 115, 'Полиэтилен 2016: Рост на перспективу', '<div>\r\n<div>Российский рынок полиэтилена, много лет следовавший за тенденциями рынка глобального, отправился в самостоятельное плавание. За обвалом рубля последовало удорожание импорта и частичный отказ от него, соответственно, внутренние цены перестали напрямую коррелировать с мировыми. А рост отечественного производства и расширение марочного ассортимента дают дополнительный стимул для независимого развития.</div>\r\n<div><br />Компания INVENTRA 1 марта провела Тринадцатую международную конференцию &laquo;Полиэтилен 2016&raquo;, золотым спонсором которой стала компания &laquo;Центрополимер&raquo;. Мероприятие прошло при поддержке Группы &laquo;Полипластик&raquo; и ChemOrbis, информационный спонсор &ndash; журнал &laquo;Полимерные материалы&raquo;.&nbsp;</div>\r\n<div><br />В приветственном слове управляющий директор Группы CREON Сергей Столяров подчеркнул, что российский рынок ПЭ по итогам года чувствует себя хорошо. Несмотря на падающие нефть, экономику и курс рубля, производство не только устояло, но и выросло &ndash; плюс 9% по итогам года. Спад в потреблении составил всего 1%, что для кризисного года &ndash; отличный результат. Конечно, заметил г-н Столяров, по сегментам динамика была разная: пленки частично заместили импорт и выросли, а трубы просели из-за падения конечного спроса. Однако есть определенные &laquo;сырьевые&raquo; предпосылки, которые дают надежду на восстановление трубного сегмента.&nbsp;</div>\r\n<div><br />Открыл конференцию обзорный доклад о рынке полиэтилена в России и СНГ, его представила директор департамента аналитики INVENTRA Лола Огрель. По итогам 2015 г. производство полиэтилена в СНГ составило 1.95 млн т, что на 6% выше уровня 2014 г. Потребление же зафиксировано на уровне 2.37 млн т, из которых 75% пришлось на Россию. Что касается остальных стран Содружества без учета РФ, крупнейшим потребителем является Украина (35% от общего объема). Далее следуют Узбекистан, Казахстан и Белоруссия с долями менее 20% на каждого.&nbsp;</div>\r\n<div><br />В Белоруссии по итогам 2015 г. выпущено 122 тыс. т ПЭ, хотя мощности единственного производителя - витебского &laquo;Полимира&raquo; - несколько выше. Основная часть продукции - 80% - отправляется на экспорт, в основном в Россию и на Украину. При этом доля импорта в потреблении по итогам года достигла 93%.</div>\r\n<div><br />Узбекистан в 2015 г. выпустил 125 тыс. т ПЭ, однако уже в 2016 прогнозируется значительный рост производства. Причина - запуск в декабре прошлого года установки ПЭНД мощностью 387 тыс. т на Устюртском ГХК. Продукция предприятия будет идти на экспорт. Внутреннее потребление же сейчас на 90% закрывается национальным предприятием - Шуртанским ГХК.</div>\r\n<div><br />Потребление ПЭ на Украине в 2015 г. заметно снизилось, составив 210 тыс. т, и было полностью обеспечено импортной продукцией (основные поставщики - Россия и Саудовская Аравия).&nbsp;</div>\r\n<div><br />В Азербайджане на фоне растущего второй год подряд производства (более 100 тыс. т) потребление постепенно снижается. В 2015 г. оно составило 42 тыс. т, что в 2 раза меньше, чем в 2012 г.</div>\r\n<div><br />Падает потребление и в Казахстане - всего 98 тыс. т за 2015 г. Локальное производство отсутствует, соответственно, спрос удовлетворяется исключительно за счет импорта.</div>\r\n<div><br />Производство полиэтилена в России по итогам 2015 г. выросло на 8.5% и достигло отметки в 1.6 млн т. Как рассказала г-жа Огрель, основной прирост показал &laquo;Ставролен&raquo;, возобновивший производство после аварии. На 15% увеличил выпуск &laquo;Уфаоргсинтез&raquo;, положительная динамика у &laquo;Ангарского завода полимеров&raquo;, остальные производители - в минусе.&nbsp;</div>\r\n<div><br />Ведущим производителем ПЭ в России остается &laquo;Казаньоргсинтез&raquo;, доля рынка - 42%. Далее следуют &laquo;Томскнефтехим&raquo; (14.6%) и &laquo;НКНХ&raquo; (12.5%). Что касается разбивки по сегментам, то в ПЭНД лидирует также &laquo;КОС&raquo; (почти 52%), а больше всех ПЭВД производит &laquo;Томскнефтехим&raquo; (37.4%). <br /><img title="Фото: INVENTRA" src="http://plastinfo.ru/content/imgupload/articles_2015/pe_1.png" /><br /><img title="Фото: INVENTRA" src="http://plastinfo.ru/content/imgupload/articles_2015/pe_2.png" /><br /><img title="Фото: INVENTRA" src="http://plastinfo.ru/content/imgupload/articles_2015/pe_3.png" /></div>\r\n<div>Потребление ПЭ в России в 2015 г. снизилось незначительно - на 1.2% (против 4.5% годом ранее). Г-жа Огрель отметила, что сильнее всего просел трубный сектор - на 90 тыс. т до уровня 290 тыс. т. Снижение отмечено и в производстве кабельных композиций, которое было компенсировано ростом импортных поставок. Положительная же динамика зафиксирована в пленочном сегменте - рост спроса на 80 тыс. т за счет сокращения ввоза готовой упаковки из-за рубежа.<br /><img title="Фото: INVENTRA" src="http://plastinfo.ru/content/imgupload/articles_2015/pe_4.png" /></div>\r\n<div><img title="Фото: INVENTRA" src="http://plastinfo.ru/content/imgupload/articles_2015/pe_5.png" /><br /><img title="Фото: INVENTRA" src="http://plastinfo.ru/content/imgupload/articles_2015/pe_6.png" /></div>\r\n<div>Экспорт полиэтилена из РФ за 2015 г. составил 300 тыс. т, это практически равно показателю 2014 г. Эксперт отметила, что не все российские производители ориентированы на зарубежные рынки. Так, &laquo;НКНХ&raquo;, &laquo;Газпром нефтехим Салават&raquo; и &laquo;Уфаоргсинтез&raquo; прежде всего обеспечивают сырьем российских переработчиков. А вот &laquo;Томскнефтехим&raquo; нацелен на потребителей за границей. В 2012-2013 гг. доля экспорта в общем объеме его производства достигала 40%, потом - после определенной переориентации на внутренний рынок - снизилась до 25-30%. Что касается &laquo;Казаньоргсинтеза&raquo;, предприятие отправляет зарубежным потребителям до 25% произведенной продукции и является основным экспортером ПЭ.</div>\r\n<div><br />Приоритетные направления российского экспорта - Казахстан и Китай (суммарно почти 50% поставок).&nbsp;Импорт ПЭ в Россию за 2015 г. снизился до 483 тыс. т по сравнению с 644 тыс. т годом ранее. Это, по словам г-жи Огрель, вызвано колебаниями валютных курсов и ростом внутреннего производства. Основные поставщики - Саудовская Аравия, Белоруссия, Германия, Южная Корея (суммарно 54% поставок).&nbsp;</div>\r\n<div><br />В общем объеме импорта наибольшая доля в прошлом году пришлась на линейный полиэтилен (200 тыс. т), ПЭНД было ввезено 174 тыс. т, ПЭВД - 109 тыс. т. Столь высокие объемы импорта ЛПЭНП объясняются тем, что внутреннее производство не может удовлетворить растущий спрос со стороны производителей пленок.</div>\r\n<div><br />В настоящее время в России рынок ЛПЭНП остается дефицитным, а единственным производителем является &laquo;Нижнекамскнефтехим&raquo;. Учитывая стабильный спрос со стороны потребителей, компания старается наращивать выпуск этой продукции. Как сообщил заместитель коммерческого директора - начальник отдела рекламы и выставок &laquo;НКНХ&raquo; Марат Фатыхов, за 2015 г. предприятие произвело 46 тыс. т ЛПЭНП, план на 2016 - увеличить объемы до 70 тыс. т. Это станет возможным благодаря строительству установки по производству собственных сомономеров этилена (бутен-С4 и гексен-С6). Запуск установки планируется весной 2016 г.</div>\r\n<div><br />В марте планируется начать производство марок для ротационного формования РЕ6432R и РЕ6438R. Потребность в них сейчас составляет 20 тыс. т и полностью удовлетворяется за счет импорта.</div>\r\n<div><br />Марат Фатыхов отметил, что необходим постепенный переход к выпуску полиэтиленов, не производимых в РФ (являющихся аналогами импортных марок). К числу таких марок относится полиэтилен для литья крышек и колпачков РЕ6052Р и РЕ6054Р. В настоящее время потребность в России в данных марках составляет 25 тыс. т/год. В прошлом году &laquo;НКНХ&raquo; выпустил опытную партию объемом 1 тыс. т, испытания проходили в компании &laquo;Ретал&raquo;. В нынешнем году решено переходить к массовому производству, за январь 2016 г. выпущено 4 тыс. т.</div>\r\n<div><br />Руководитель отдела закупок &laquo;Ретала&raquo; Ирина Михайличенко прокомментировала вопрос. По ее словам, материал опытной партии 2015 г. показал себя достойно, приближается к аналогам азиатских марок, которые &laquo;Ретал&raquo; использует для производства пластиковой пробки. Однако качество продукции 2016 г. значительно изменилось в лучшую сторону: материал имеет улучшенные характеристики с точки зрения потребительских свойств готовой продукции компании.</div>\r\n<div><br />По итогам 2015 г. производство ПЭНП в России составило 642 тыс. т, потребление - 574 тыс. т. Как рассказал главный эксперт отдела продуктового маркетинга ДБП &laquo;Сибур&raquo; Александр Мамушкин, в 2016 г. баланс рынка ожидается примерно таким же. Возможна лишь небольшая перебалансировка между сегментами потребления. Наибольший риск выражается в возможном спаде в розничной торговле и промышленной упаковке.</div>\r\n<div><br />Основная сфера применения ПЭНП - пленки общего назначения (61%), 27% приходится на термоусадочные пленки, по 6% - на кабельные марки и экструзию покрытий и литье.</div>\r\n<div><br />По словам докладчика, рынок явно нуждается в новых марках, и задача производителей - двигаться навстречу этим запросам. Вот почему компания приняла решение провести реконструкцию линии на томской площадке с расширением марочного ассортимента.</div>\r\n<div><br />Завершение реконструкции планируется во второй половине 2016 г. с поэтапным достижением проектной мощности. После этого - помимо сохранения базовых марок - предприятие планирует начать выпуск трех марок с более высоким значением плотности и иным набором значений ПТР.</div>\r\n<div><br />Таким образом, одна из новых марок дополнит продуктовый портфель для пленочной экструзии и кабельной изоляции, а две другие будут предназначаться для экструзионных покрытий, ламинации и литья.</div>\r\n<div><br />В ходе круглого стола свои результаты и планы на будущее озвучили и другие российские производители ПЭ. По словам старшего менеджера &ndash; заместителя начальника управления продаж продуктов нефтехимии и газопереработки компании &laquo;Лукойл&raquo; Эдуарда Вильховецкого, в 2016 г. работа &laquo;Ставролена&raquo; запланирована без остановочного ремонта, объем производства по итогам года составит 300 тыс. т. Что касается украинского актива компании &ndash; предприятия &laquo;Карпатнефтехим&raquo; - его запуск в 2016 г. не планируется. Как говорит г-н Вильховецкий, сейчас завод вполне способен работать с положительной маржой, но из-за влияния дополнительных факторов его пуск пока невозможен.</div>\r\n<div><br />&laquo;Уфаоргсинтез&raquo; в 2015 г. работал с полной загрузкой мощностей и планирует поддерживать эту загрузку в текущем году. Как рассказал начальник отдела продуктового менеджмента и технической поддержки Павел Батютенко, основные принципы компании &ndash; реализация продукции потребителям напрямую, включая заключение долгосрочных формульных контрактов.</div>\r\n<div><br />Так же старается работать и белорусский &laquo;Полимир&raquo;, рассказывает заместитель директора по производству Николай Юшкевич. С этой целью предприятие начало осваивать новые экспортные направления, такие как Испания, Македония, Китай.</div>\r\n<div><br />По итогам 2015 г. трубный сегмент рынка полиэтилена РФ показал самые неутешительные результаты, упав на 25%. Если рассматривать совокупность рынков России, Украины, Белоруссии и Казахстана (РУБК), сжатие рынка было чуть меньше - 19%. Такие данные сообщил директор департамента трубопроводных систем группы &laquo;Полипластик&raquo; Кирилл Трусов.</div>\r\n<div><br />Прогнозы компании на 2016 г. и для России, и для РУБК предусматривают три сценария развития - позитивный, негативный и консенсус-прогноз. Консенсус-прогноз для России - это дальнейшее падение на 10%, для РУБК темпы снижения будут около 5%.&nbsp;</div>\r\n<div><br />Эксперт отметил, однако, что производство трубных марок ПЭ в 2016 г. в РУБК должно показать положительную динамику. Если в 2015 г. оно составило около 180 тыс. т, то в нынешнем году ожидается в объеме 240 тыс. т. Импорт и экспорт сохранятся на уровне прошлого года. Потребление же продолжит снижаться и, скорее всего, составит чуть больше 350 тыс. т.</div>\r\n<div><br />Что касается России, группа &laquo;Полипластик&raquo; ожидает, что в 2016 г. объемы производства и потребления трубных марок ПЭ сравняются и составят по 240 тыс. т. Импорт продолжит сокращаться и не превысит 25 тыс. т.</div>\r\n<div><br />Г-н Трусов отдельно остановился на теме видового состава сырья для ПЭ-труб в России. С каждым годом увеличивается доля отечественного ПЭ100. Если в 2014 г. она составляла 54%, то в прошлом - уже 62%, а в нынешнем ожидается на уровне 81%.</div>\r\n<div><br />Говоря о спросе, докладчик отметил, что на готовую продукцию он неэластичен и не меняется при незначительном изменении стоимости сырья (в пределах 5%). Что касается трубного полиэтилена, то его цена напрямую влияет на объем потребления. &laquo;Если цена будет расти, мы, естественно, купим меньше сырья. А вот если снизится &ndash; больше не купим, - говорит Кирилл Трусов. &ndash; Покупая по завышенной цене, мы автоматически снижаем свои продажи, начинаем терять рынок и уступать место фейковой трубе, произведенной из нетрубных марок ПЭ, которая всегда в избытке&raquo;.&nbsp;</div>\r\n<div><br />Тему стоимости сырья продолжил президент группы &laquo;Полипластик&raquo; Мирон Гориловский. По его словам, цена российского полиэтилена сейчас такова, что экспортировать трубу в Европу или Азию элементарно невыгодно &ndash; логистика и пошлина делают ее дороже местных аналогов. Экспортная альтернатива появится только при 20-25% снижении стоимости сырья. &laquo;При разумных ценах на сырье для нас откроются зарубежные рынки. Дайте нам точку опоры, и мы перевернем трубный рынок&raquo;, - заключил г-н Гориловский.</div>\r\n<div><br />ДПО &laquo;Пластик&raquo; - крупный игрок рынка современных упаковочных материалов, и полиэтилен широко используется на производстве. Как рассказал директор по маркетингу и продажам Денис Дикин, ПЭ применяется для выпуска многослойных молочных и барьерных пленок, экструзионной сетки, ящиков и тары. В целом же пленки преобладают в структуре потребления ПЭ в России &ndash; 51%, на трубы проходится 21%, на тару и емкости &ndash; 8%.&nbsp;</div>\r\n<div><br />Упаковка из ПЭ обладает целым рядом преимуществ, среди них &ndash; механическая прочность, химическая стойкость, непроницаемость и привлекательный внешний вид.&nbsp;</div>\r\n<div><br />Импортозамещение постепенно становится драйвером роста спроса на полиэтиленовую упаковку. Увеличивается потребление отечественных продуктов, которые расфасовываются в отечественную же упаковку.&nbsp;</div>\r\n<div><br />Помимо этого, налицо тенденция перехода от пленок общего назначения к пленкам со специфическими свойствами. Растет спрос на многослойные пленки с высокими барьерными свойствами (что вызвано необходимостью повышения сроков годности продуктов). Также производители пищевых продуктов все чаще переходят на пленку для снижения затрат на упаковку.</div>\r\n<div><br />Вторичная переработка полимеров с каждым годом приобретает все большую актуальность. Это связано не только с ужесточением природоохранного законодательства, но и в том числе с удорожанием первичного сырья. Основным материалом для рециклинга служит, конечно, ПЭТФ, однако и полиэтилен достаточно хорошо поддается сбору и переработке. По данным председателя Совета директоров компании &laquo;Экотехнологии&raquo; Константина Рзаева, в 2015 г. объем ТБО в России составил 63 млн т, из них 8% пришлось на пластики. Основная доля пластмасс в структуре отходов &ndash; это упаковочная пленка (35%) и прочая упаковка (42%). Однако по объемам извлечения они сильно уступают ПЭТФ &ndash; 20% и 24% соответственно против 42% у рециклированного ПЭТФ (доля различных полимеров в общем объеме извлекаемых из массы ТБО полезных фракций).&nbsp;</div>\r\n<div><br />Докладчик отметил, что основным источником вторичного ПВД являются коммерческие отходы. Промышленные отходы в основном перерабатываются прямо на предприятиях, а муниципальные, т.е. полученные с мусорных полигонов, малопригодны - раздельный сбор отходов пусть и развивается, но находится все еще в зачаточной стадии.&nbsp;</div>\r\n<div><br />На рынке вторичного полиэтилена преобладают магазинные пленки &ndash; 120 тыс. т в 2015 г., это 49% от общего объема. Далее идут чистые промышленные отходы (22%), затем полигонный ПЭ &ndash; 21% приходится на ПВД и 8% - на ПНД.</div>\r\n<div><br />Дальнейшее назначение вторичного ПЭ во многом зависит от того, где именно он был собран. Т.н. чистые отходы &ndash; коммерческие и промышленные &ndash; используются для производства кровельной изоляции, строительной фурнитуры, непищевых пленок, некоторых видов труб. Полиэтилен с полигонов применяется для выпуска георешеток и геомембран, ящиков и дренажных труб.</div>\r\n<div><br />Г-н Рзаев подчеркнул, что рост отрасли по-прежнему сдерживается крайне низкими показателями сбора, неразвитой инфраструктурой раздельного сбора и сортировки, а также незаконченностью изменений в сфере природоохранного законодательства. Тем не менее, потенциал для развития есть. Он обусловлен прежде всего увеличением цен на первичные полиэтилены и их периодический дефицит, а также эффектом &laquo;низкой базы&raquo;.&nbsp;</div>\r\n<div><br />Представители компаний-переработчиков в ходе круглого стола обсудили состояние отрасли и перспективы развития. Как рассказал руководитель отдела закупок сырья для упаковочных материалов по европейскому региону PepsiCo Элвин Джордж, компания традиционно закупает много российского ПЭ. И эта политика, говорит он, будет продолжена: PepsiCo и дальше намерена покупать максимально большой (с учетом качества и цены) объем полиэтилена в РФ и использовать его для упаковки своей продукции.&nbsp;</div>\r\n<div><br />Отечественный переработчик &laquo;Данафлекс-нано&raquo; по итогам 2015 г. на 15% увеличил производство упаковки, сообщил менеджер по закупкам Артур Фаткуллин. Сейчас загрузка мощностей приблизилась к 100%, но за счет покупки нового оборудования возможен дальнейший рост объемов выпуска.<br />Аналогичная ситуация и в компании &laquo;Артпласт&raquo;. Как рассказала заместитель генерального директора по поставкам сырья Наталья Головачева, производство работает со 100%-ной загрузкой, в планах &ndash; увеличение мощностей за счет покупки нового экструдера.</div>\r\n<div><br />Компания &laquo;ДИПО&raquo;, которая производит топливные баки для альянсов Автоваз-Renault-Nissan и Ford-Sollers, оценивает свои перспективы более сдержанно. По словам руководителя по закупкам Евгения Елистратова, предприятие использует исключительно импортный ПЭ, что ставит его в прямую зависимость от зарубежных партнеров. Поиски отечественного производителя, готово предоставить полимер аналогичного качества, пока успехом не увенчались.</div>\r\n<div><br />Делегаты конференции приняли участие в интерактивном голосовании о перспективах развития внутреннего потребления. На вопрос &laquo;Какой сегмент потребления ПЭ в России будет способствовать расширению и развитию марочного ассортимента заводов в краткосрочной перспективе?&raquo; большинство ответили, что это пленки и упаковка (52%).<br /><img title="Фото: INVENTRA" src="http://plastinfo.ru/content/imgupload/articles_2015/pe_7.png" /><br />Независимый эксперт Иван Захаров представил доклад о биополимерах &ndash; продукте, который активно развивается не только в России, но и в Европе. По итогам 2015 г. в России рынок биополимеров не превысил 10% от общего производства пластмасс, причем этот рынок обуславливается только компостируемыми и биооснованными материалами. В Европе же показатель составил 25% в прошлом году и вырастет до 42% в 2017 (для сравнения &ndash; в РФ он будет не выше 20%). Докладчик отметил, что в ЕС уже применяют биоразлагаемую упаковку.</div>\r\n<div><br />Мировое производство биополимеров по итогам 2014 г. составило 1.7 млн , в 2015 г. &ndash; уже 2 млн т, а к 2019 г. достигнет 7.8 млн т. Продукт может применяться во многих сферах, среди которых &ndash; гранулы, пленки, упаковка, сельскохозяйственная продукция.</div>\r\n<div><br />О влиянии нефтяного кризиса на рынок полиэтилена в РФ рассказал Андрей Карабьянц, руководитель проекта &laquo;Прайм-ТЭК&raquo; АЭИ &laquo;Прайм&raquo;. По его словам, падение цен на нефть серьезнейшим образом повлияло на отечественную нефтехимию. Хотя стоимость барреля и упала в разы, цены на нефтехимическую продукцию снизились не так значительно. За счет этого произошло изменение доходности разных сегментов бизнеса ВИНК. Переработка и производство нефтехимической продукции &ndash; в первую очередь полимеров &ndash; стало приносить большую прибыль, чем добыча и продажа сырой нефти.&nbsp;</div>\r\n<div><br />В этой связи все реальнее выглядят планы производителей по увеличению объемов производства ПЭ. По мнению докладчика, лучшие шансы - у &laquo;Роснефти&raquo; (строительство двух установок по производству ПЭ на &laquo;Ангарском заводе полимеров&raquo; мощностью 345 тыс. т/г и 250 тыс. т/г до 2019 г.) и &laquo;Сибура&raquo; (&laquo;Запсибнефтехим&raquo; проектной мощностью 1.5 млн т/г).</div>\r\n<div><br />Подводя итоги дискуссий, управляющий директор Группы CREON Сергей Столяров отметил: &laquo;С точки зрения предложения сырья дефицит на рынке полиэтилена преодолен в двух из трех сегментов, а производство линейного ПЭ увеличивается кратно. Сложившиеся условия позволяют российским заводам не только расширять марочный ассортимент и осуществлять реконструкцию линий, но и рассчитывать на успешное продвижение новых проектов. В части переработки рост конечного спроса на пленки и упаковку происходит на фоне снижения в трубном и автомобильном сегментах. Судя по прогнозам, в ближайшие два года достигнутый баланс сохранится, но уже в среднесрочной перспективе запуск новых мощностей даст стимул к развитию &ndash; переработчики должны выиграть в цене за счет конкуренции по сырью, а производители ПЭ укрепят позиции на мировых рынках&raquo;.</div>\r\n<div>&nbsp;</div>\r\n<div>&nbsp;</div>\r\n</div>\r\n<div>&nbsp;</div>\r\n<div>Источник: <a class="bluetitle" href="http://www.creonenergy.ru/news/post_relizy/detailPost.php?ID=116790" rel="nofollow">Инвентра (CREON Energy)</a></div>', '15.06.2016', '', ''),
	(5, 116, 'Полиэтилен высокого давления', '<p>Полиэтилен высокого давления (ПВД, ПЭВД) Полиэтилен &ndash; наиболее широко использующийся полимер. Технология переработки полиэтилена сравнительно проста, он перерабатывается всеми способами переработки пластмасс. Для переработки полиэтилена не требуется применения узкоспециализированного оборудования, как например, для переработки ПВХ. Современной промышленностью выпускаются сотни марок красителей и концентратов пигментов для окрашивания изделий из полиэтилена (которые подходят также для других типов полиолефинов).</p>\r\n<p>При использовании экструзии получают полиэтиленовые кабели, листовой полиэтилен для упаковки и строительства, а также самые разнообразные полиэтиленовые пленки для нужд всех отраслей промышленности. Применяя литье под давлением и термо-вакуумное формование для изготовления изделий, получают разнообразные упаковочные материалы из полиэтилена. Упаковка из полиэтилена &ndash; бурно развивающийся сегмент сегодняшнего рынка пластиковых изделий. Кроме того, достаточно крупными потребителями гранул полиэтилена в России являются компании производящие товары бытового назначения, канцтовары, игрушки. Полиэтилен перерабатывается также экструзионно-выдувным и ротационным способом для получения разного рода емкостей, сосудов и тары.</p>\r\n<h2>Свойства полиэтилена высокого давления (ПВД, ПЭВД)</h2>\r\n<p>Полиэтилен &ndash; это термопластичный полимер плотностью 910-970 кг/м3 и температурой размягчения 110-130оС. Полиэтилен выпускается разными методами и различается по плотности, молекулярной массе и степени кристалличности.</p>\r\n<p>Существует целый ряд марок полиэтилена, отличающихся по плотности, показателю текучести расплава (ПТР), наличием или отсутствием стабилизаторов. Полиэтилен обладает высокой водостойкостью, хорошими диэлектрическими свойствами. Полиэтилен становится хрупким только при to = (-70)oC, поэтому изделия из этого материала можно эксплуатировать в суровых климатических условиях.</p>\r\n<h2>Применение полиэтилена высокого давления (ПВД, ПЭВД)</h2>\r\n<p>ПВД (ПЭВД) &ndash; полиэтилен высокого давления (низкой плотности). ПВД &ndash; легкий, прочный, эластичный материал с низкой газо-, паропроницаемостью. Предел его прочности &ndash; 2,45 МПа. Изделия из ПВД могут эксплуатироваться при температуре до 60оС.</p>\r\n<p>Применение ПВД &ndash; производство всех видов пленок, гибкой упаковки. Переработка полиэтилена высокого давления (ПВД, ПЭВД) литье под давлением; экструзия; прессование.</p>', '15.06.2016', '', '');
/*!40000 ALTER TABLE `l_articles` ENABLE KEYS */;


-- Дамп структуры для таблица apoly.l_banners
DROP TABLE IF EXISTS `l_banners`;
CREATE TABLE IF NOT EXISTS `l_banners` (
  `id` int(11) NOT NULL AUTO_INCREMENT,
  `id_image` int(11) NOT NULL,
  `header` varchar(64) NOT NULL,
  `link_more` text NOT NULL,
  PRIMARY KEY (`id`)
) ENGINE=InnoDB DEFAULT CHARSET=utf8;

-- Дамп данных таблицы apoly.l_banners: ~0 rows (приблизительно)
/*!40000 ALTER TABLE `l_banners` DISABLE KEYS */;
/*!40000 ALTER TABLE `l_banners` ENABLE KEYS */;


-- Дамп структуры для таблица apoly.l_contacts
DROP TABLE IF EXISTS `l_contacts`;
CREATE TABLE IF NOT EXISTS `l_contacts` (
  `site` int(2) NOT NULL,
  `text_form` text NOT NULL,
  `text_place` text NOT NULL,
  `text_contact` text NOT NULL,
  `keywords` text,
  `description` text,
  UNIQUE KEY `site` (`site`)
) ENGINE=InnoDB DEFAULT CHARSET=utf8;

-- Дамп данных таблицы apoly.l_contacts: ~1 rows (приблизительно)
/*!40000 ALTER TABLE `l_contacts` DISABLE KEYS */;
INSERT INTO `l_contacts` (`site`, `text_form`, `text_place`, `text_contact`, `keywords`, `description`) VALUES
	(1, '<p>Заполните форму обратной связи и наш специалист свяжится с вами в ближайшее время!</p>', '<p>Башкоторстан, Уфа,</p>\r\n<p>Черншевского, 14, 75</p>', '<p><strong>+7(495)555-565</strong></p>\r\n<p>info@apoly.ru</p>', '', '');
/*!40000 ALTER TABLE `l_contacts` ENABLE KEYS */;


-- Дамп структуры для таблица apoly.l_feedback
DROP TABLE IF EXISTS `l_feedback`;
CREATE TABLE IF NOT EXISTS `l_feedback` (
  `id` int(11) NOT NULL AUTO_INCREMENT,
  `email` varchar(64) NOT NULL,
  `name` varchar(64) NOT NULL,
  `subject` varchar(64) NOT NULL,
  `text` text NOT NULL,
  `date` varchar(64) NOT NULL,
  `response` text,
  `ip` varchar(64) DEFAULT NULL,
  PRIMARY KEY (`id`)
) ENGINE=InnoDB AUTO_INCREMENT=6 DEFAULT CHARSET=utf8;

-- Дамп данных таблицы apoly.l_feedback: ~5 rows (приблизительно)
/*!40000 ALTER TABLE `l_feedback` DISABLE KEYS */;
INSERT INTO `l_feedback` (`id`, `email`, `name`, `subject`, `text`, `date`, `response`, `ip`) VALUES
	(1, 'hostmas@bk.ru', 'RAPOS', 'TEST', 'TEST', '1463737004', NULL, '127.0.0.1'),
	(2, 'hostmas@bk.ru', 'RAPOS', 'sad', 'sadasd', '1463737213', NULL, '127.0.0.1'),
	(3, 'hostmas@bk.ru', 'RAPOS', 'sadsadasd', 'sadasd', '1463737264', NULL, '127.0.0.1'),
	(4, 'hostmas@bk.ru', 'RAPOS', 'asd asd asd ', 'sa das d', '1463737322', NULL, '127.0.0.1'),
	(5, 'hostmas@bk.ru', 'RAPOS', 'dsadas', 'dsadasd', '1463737526', '<p>5456465464646464</p>', '127.0.0.1');
/*!40000 ALTER TABLE `l_feedback` ENABLE KEYS */;


-- Дамп структуры для таблица apoly.l_gallery
DROP TABLE IF EXISTS `l_gallery`;
CREATE TABLE IF NOT EXISTS `l_gallery` (
  `id_photo` int(11) NOT NULL AUTO_INCREMENT,
  `id_image` int(11) NOT NULL,
  PRIMARY KEY (`id_photo`)
) ENGINE=InnoDB AUTO_INCREMENT=12 DEFAULT CHARSET=utf8;

-- Дамп данных таблицы apoly.l_gallery: ~11 rows (приблизительно)
/*!40000 ALTER TABLE `l_gallery` DISABLE KEYS */;
INSERT INTO `l_gallery` (`id_photo`, `id_image`) VALUES
	(1, 118),
	(2, 119),
	(3, 120),
	(4, 121),
	(5, 122),
	(6, 123),
	(7, 124),
	(8, 125),
	(9, 126),
	(10, 127),
	(11, 128);
/*!40000 ALTER TABLE `l_gallery` ENABLE KEYS */;


-- Дамп структуры для таблица apoly.l_images
DROP TABLE IF EXISTS `l_images`;
CREATE TABLE IF NOT EXISTS `l_images` (
  `id_image` int(11) NOT NULL AUTO_INCREMENT,
  `name` varchar(64) NOT NULL,
  `path` varchar(256) NOT NULL,
  `extension` varchar(5) NOT NULL,
  `status` bit(1) NOT NULL DEFAULT b'0',
  PRIMARY KEY (`id_image`)
) ENGINE=InnoDB AUTO_INCREMENT=129 DEFAULT CHARSET=utf8;

-- Дамп данных таблицы apoly.l_images: ~123 rows (приблизительно)
/*!40000 ALTER TABLE `l_images` DISABLE KEYS */;
INSERT INTO `l_images` (`id_image`, `name`, `path`, `extension`, `status`) VALUES
	(1, '97f9218c10810b108a6f93b5b4d5d395', 'files/images/1/97f9218c10810b108a6f93b5b4d5d395.jpg', 'jpg', b'0'),
	(2, '492c40f197ac0cf169d0380bed3d0614', 'files/images/2/492c40f197ac0cf169d0380bed3d0614.jpg', 'jpg', b'0'),
	(3, '61f1a5efb1d0d82bc93d0c6487be37e3', 'files/images/3/61f1a5efb1d0d82bc93d0c6487be37e3.jpg', 'jpg', b'0'),
	(4, 'ae509b7dc9f6cd3a77d376497feaa9c9', 'files/images/4/ae509b7dc9f6cd3a77d376497feaa9c9.jpg', 'jpg', b'0'),
	(5, 'd3c669381ef29d88d045c53035eeaada', 'files/images/5/d3c669381ef29d88d045c53035eeaada.jpg', 'jpg', b'0'),
	(6, '322739f65975501ec7909da019a69a5f', 'files/images/6/322739f65975501ec7909da019a69a5f.jpg', 'jpg', b'0'),
	(7, '5565c163ccf08ddf1e50056c5cc3c687', 'files/images/7/5565c163ccf08ddf1e50056c5cc3c687.jpg', 'jpg', b'0'),
	(8, '04da127422689c9480800cd7024a05fa', 'files/images/8/04da127422689c9480800cd7024a05fa.jpg', 'jpg', b'0'),
	(9, 'f365540a3dd4fc9f96b5bdd43d1e1ac6', 'files/images/9/f365540a3dd4fc9f96b5bdd43d1e1ac6.jpg', 'jpg', b'0'),
	(10, '8e9233aff6b406b95a0c52494da17f66', 'files/images/10/8e9233aff6b406b95a0c52494da17f66.jpg', 'jpg', b'0'),
	(11, 'ada844d0672ccdbe32c3480c0ecaf289', 'files/images/11/ada844d0672ccdbe32c3480c0ecaf289.jpg', 'jpg', b'0'),
	(12, 'e9b330d767f93a8567d505be924111fb', 'files/images/12/e9b330d767f93a8567d505be924111fb.jpg', 'jpg', b'0'),
	(13, 'ec217b8a2b28a4fecc439b7acfbf839c', 'files/images/13/ec217b8a2b28a4fecc439b7acfbf839c.jpg', 'jpg', b'0'),
	(14, 'a9c5fb412d2f4e9bf211bc4fc1605f23', 'files/images/14/a9c5fb412d2f4e9bf211bc4fc1605f23.jpg', 'jpg', b'0'),
	(15, '8c7cb6b7779f700a71af4a0d8f7ccfbb', 'files/images/15/8c7cb6b7779f700a71af4a0d8f7ccfbb.jpg', 'jpg', b'0'),
	(16, '24a486f34bddefc13e55e7aa1a6b603e', 'files/images/16/24a486f34bddefc13e55e7aa1a6b603e.jpg', 'jpg', b'0'),
	(17, '3216ab31a8ecec03d609046fe18b1f65', 'files/images/17/3216ab31a8ecec03d609046fe18b1f65.jpg', 'jpg', b'0'),
	(18, 'ca68fb558e299b9906bf604fd1a1de6e', 'files/images/18/ca68fb558e299b9906bf604fd1a1de6e.jpg', 'jpg', b'0'),
	(19, '448e96adfe7cf2a6c3c6162b64b03fdf', 'files/images/19/448e96adfe7cf2a6c3c6162b64b03fdf.jpg', 'jpg', b'0'),
	(20, 'cb155120c2475b3d982d35b049481a9f', 'files/images/20/cb155120c2475b3d982d35b049481a9f.jpg', 'jpg', b'0'),
	(21, '51e4a3fe680111088aff1edaecd488b5', 'files/images/21/51e4a3fe680111088aff1edaecd488b5.jpg', 'jpg', b'0'),
	(22, 'd2460ad407feb12384ff5bb9a50b436c', 'files/images/22/d2460ad407feb12384ff5bb9a50b436c.jpg', 'jpg', b'0'),
	(23, 'b50ffbbf1ce08993aa339049887de814', 'files/images/23/b50ffbbf1ce08993aa339049887de814.jpg', 'jpg', b'0'),
	(24, 'ccc1b508f6b76e6410c95629a5dd52e1', 'files/images/24/ccc1b508f6b76e6410c95629a5dd52e1.jpg', 'jpg', b'0'),
	(25, '4777e47938223aea2c89da85b666fbb5', 'files/images/25/4777e47938223aea2c89da85b666fbb5.jpg', 'jpg', b'0'),
	(26, '8aa5bfb3c0f5b41b40282b4b244ecf02', 'files/images/26/8aa5bfb3c0f5b41b40282b4b244ecf02.jpg', 'jpg', b'0'),
	(27, 'f0c3646526539f53c8ec83753c94e7b5', 'files/images/27/f0c3646526539f53c8ec83753c94e7b5.jpg', 'jpg', b'0'),
	(28, '1c7564393de2e298516ec77d856c7478', 'files/images/28/1c7564393de2e298516ec77d856c7478.jpg', 'jpg', b'0'),
	(29, 'cc0ea02433e24790c4d10fe47022a5ed', 'files/images/29/cc0ea02433e24790c4d10fe47022a5ed.jpg', 'jpg', b'0'),
	(30, '6323d7573aa3a444899c4ecbbc6b744a', 'files/images/30/6323d7573aa3a444899c4ecbbc6b744a.jpg', 'jpg', b'0'),
	(31, '19514f9dc9e26fcd643bcd2e4829a6be', 'files/images/31/19514f9dc9e26fcd643bcd2e4829a6be.jpg', 'jpg', b'0'),
	(32, '44167a855e462f723e62cae75b6c8e0f', 'files/images/32/44167a855e462f723e62cae75b6c8e0f.jpg', 'jpg', b'0'),
	(33, 'd9ca3c1d20f3e1fe7aebfe5c6481ed68', 'files/images/33/d9ca3c1d20f3e1fe7aebfe5c6481ed68.jpg', 'jpg', b'0'),
	(34, '82e1c37a42854b08c22974ff04c70704', 'files/images/34/82e1c37a42854b08c22974ff04c70704.jpg', 'jpg', b'1'),
	(35, '586803d9360675d03a4fbbe2f8e367f6', 'files/images/35/586803d9360675d03a4fbbe2f8e367f6.jpg', 'jpg', b'0'),
	(36, '64c700d4958af11ae08c9825ce1aa00f', 'files/images/36/64c700d4958af11ae08c9825ce1aa00f.jpg', 'jpg', b'0'),
	(37, '1a2f3d076b3994f19f8a2baf8c8b9462', 'files/images/37/1a2f3d076b3994f19f8a2baf8c8b9462.jpg', 'jpg', b'0'),
	(38, '732b706a99f8b1f1fc48ae52dffa05da', 'files/images/38/732b706a99f8b1f1fc48ae52dffa05da.jpg', 'jpg', b'0'),
	(40, '9775476faafa9ae3e8e6ac0b41c86e7b', 'files/images/40/9775476faafa9ae3e8e6ac0b41c86e7b.jpg', 'jpg', b'0'),
	(41, '052009e702861ca222bbe16993be94ed', 'files/images/41/052009e702861ca222bbe16993be94ed.jpg', 'jpg', b'1'),
	(42, '8216a98fb486272d7d3ddcdc69341071', 'files/images/42/8216a98fb486272d7d3ddcdc69341071.jpg', 'jpg', b'1'),
	(44, 'aa3c6c20d3e714c15cd3a482a0cebf08', 'files/images/44/aa3c6c20d3e714c15cd3a482a0cebf08.jpg', 'jpg', b'0'),
	(45, '815c75c237e2b0a8d525419470389804', 'files/images/45/815c75c237e2b0a8d525419470389804.jpg', 'jpg', b'0'),
	(46, '05781784b9e213eeafc8db10f99293d2', 'files/images/46/05781784b9e213eeafc8db10f99293d2.jpg', 'jpg', b'0'),
	(47, 'ee9bf8168be372555f0d652ced39c900', 'files/images/47/ee9bf8168be372555f0d652ced39c900.jpg', 'jpg', b'0'),
	(48, '74d761b501715e9bddd46cd7f819f8f9', 'files/images/48/74d761b501715e9bddd46cd7f819f8f9.jpg', 'jpg', b'0'),
	(49, '8d718c377419cf0d25a99921245333f7', 'files/images/49/8d718c377419cf0d25a99921245333f7.jpg', 'jpg', b'0'),
	(50, 'a5d4a60a66e0b434877ad2787f49f301', 'files/images/50/a5d4a60a66e0b434877ad2787f49f301.jpg', 'jpg', b'0'),
	(51, '79b142633655782de921d2a14f361192', 'files/images/51/79b142633655782de921d2a14f361192.jpg', 'jpg', b'0'),
	(52, 'ff0e573087121f34dd0c4a76b3bc73be', 'files/images/52/ff0e573087121f34dd0c4a76b3bc73be.jpg', 'jpg', b'0'),
	(53, 'f02b04d76e727ce2795da2f58b2644ca', 'files/images/53/f02b04d76e727ce2795da2f58b2644ca.jpg', 'jpg', b'0'),
	(54, '0a7d2180511d88bc7006416720f325eb', 'files/images/54/0a7d2180511d88bc7006416720f325eb.jpg', 'jpg', b'0'),
	(58, '9c6a8e82254d25a6a91bc9d3698b1844', 'files/images/58/9c6a8e82254d25a6a91bc9d3698b1844.jpg', 'jpg', b'0'),
	(59, '353da3e577b8fa9d3cc213e68570bddb', 'files/images/59/353da3e577b8fa9d3cc213e68570bddb.jpg', 'jpg', b'0'),
	(60, '5b0dc11d2a48d09bd81bfc6368dcd324', 'files/images/60/5b0dc11d2a48d09bd81bfc6368dcd324.jpg', 'jpg', b'0'),
	(61, 'e1261db2da69e0bef8ead7b4a38014af', 'files/images/61/e1261db2da69e0bef8ead7b4a38014af.jpg', 'jpg', b'0'),
	(62, 'dbdcb09a9f0a21b817f1aaeff64c7a15', 'files/images/62/dbdcb09a9f0a21b817f1aaeff64c7a15.jpg', 'jpg', b'0'),
	(63, '54bfe9d50339b7950503d92e180967e2', 'files/images/63/54bfe9d50339b7950503d92e180967e2.jpg', 'jpg', b'0'),
	(64, '7bba93d6329a3fc4ca08f466e4dade4c', 'files/images/64/7bba93d6329a3fc4ca08f466e4dade4c.jpg', 'jpg', b'0'),
	(65, 'dbd28c05d1b56e15598fa69b3c4eadc5', 'files/images/65/dbd28c05d1b56e15598fa69b3c4eadc5.jpg', 'jpg', b'0'),
	(66, '5521914c3eb094ab6b8a1b1e67dd4cd9', 'files/images/66/5521914c3eb094ab6b8a1b1e67dd4cd9.jpg', 'jpg', b'0'),
	(67, 'dd5f1f95bac848c3fbbd5cc48de137fd', 'files/images/67/dd5f1f95bac848c3fbbd5cc48de137fd.jpg', 'jpg', b'0'),
	(68, '583a81a48d7d33366b6ee536fbfebeea', 'files/images/68/583a81a48d7d33366b6ee536fbfebeea.jpg', 'jpg', b'0'),
	(69, 'da4c2c534c4d074b4e1aa9b615555368', 'files/images/69/da4c2c534c4d074b4e1aa9b615555368.jpg', 'jpg', b'0'),
	(70, 'b0b1e616c80b8a19f541622bffc88b75', 'files/images/70/b0b1e616c80b8a19f541622bffc88b75.jpg', 'jpg', b'0'),
	(71, 'cb97ca85706d53c0d8bf2f8a45337cda', 'files/images/71/cb97ca85706d53c0d8bf2f8a45337cda.jpg', 'jpg', b'0'),
	(72, 'be39ca0d66f014d10f75760ac6c5f7b7', 'files/images/72/be39ca0d66f014d10f75760ac6c5f7b7.jpg', 'jpg', b'0'),
	(73, 'de1162c9401d225e6db0b6954422eedf', 'files/images/73/de1162c9401d225e6db0b6954422eedf.jpg', 'jpg', b'0'),
	(74, '72bd1f21398dac5551aeeaf1f865e790', 'files/images/74/72bd1f21398dac5551aeeaf1f865e790.jpg', 'jpg', b'0'),
	(75, '5a3f4af39f7bf4ae5b73ec69b33c938d', 'files/images/75/5a3f4af39f7bf4ae5b73ec69b33c938d.jpg', 'jpg', b'0'),
	(76, '13ffe06dcdba55648086b16b4f2c482f', 'files/images/76/13ffe06dcdba55648086b16b4f2c482f.jpg', 'jpg', b'0'),
	(77, '1f89d183aef1848ac54f38a93aeae527', 'files/images/77/1f89d183aef1848ac54f38a93aeae527.jpg', 'jpg', b'0'),
	(78, 'f0c17580c38459880096c0c225c4ebfb', 'files/images/78/f0c17580c38459880096c0c225c4ebfb.jpg', 'jpg', b'0'),
	(79, '3207e6bd0802baab06add59d9f5d0481', 'files/images/79/3207e6bd0802baab06add59d9f5d0481.jpg', 'jpg', b'0'),
	(80, '01fb9431752d8142e7cb7ca8cec42f40', 'files/images/80/01fb9431752d8142e7cb7ca8cec42f40.jpg', 'jpg', b'0'),
	(81, 'a3c0f7f7fd29ed73806bf9cd3ecdf932', 'files/images/81/a3c0f7f7fd29ed73806bf9cd3ecdf932.jpg', 'jpg', b'0'),
	(82, 'ff1612e92cf0ebca3c0b801443cf3d43', 'files/images/82/ff1612e92cf0ebca3c0b801443cf3d43.jpg', 'jpg', b'0'),
	(83, 'e5f29bb5b3eec6072cae79278c7db929', 'files/images/83/e5f29bb5b3eec6072cae79278c7db929.jpg', 'jpg', b'0'),
	(84, '4c07f11409f16f39771d620fca582b0a', 'files/images/84/4c07f11409f16f39771d620fca582b0a.jpg', 'jpg', b'0'),
	(85, 'fc70daa41bba8789020545265348a559', 'files/images/85/fc70daa41bba8789020545265348a559.jpg', 'jpg', b'0'),
	(86, '3e892840747509fe6ccaf8f3ca7eae47', 'files/images/86/3e892840747509fe6ccaf8f3ca7eae47.jpg', 'jpg', b'0'),
	(87, '0e3edf059b425e4d44608cbbca8405d9', 'files/images/87/0e3edf059b425e4d44608cbbca8405d9.jpg', 'jpg', b'0'),
	(88, '4979b207cc4ec4ec091ff0a477cbb264', 'files/images/88/4979b207cc4ec4ec091ff0a477cbb264.jpg', 'jpg', b'0'),
	(89, '0150d861b952b193527e55ab02571362', 'files/images/89/0150d861b952b193527e55ab02571362.jpg', 'jpg', b'0'),
	(90, '0c392fac20409ead39c8f52106209d97', 'files/images/90/0c392fac20409ead39c8f52106209d97.jpg', 'jpg', b'0'),
	(91, '96f171029c1007e2505d61644a82519a', 'files/images/91/96f171029c1007e2505d61644a82519a.jpg', 'jpg', b'1'),
	(92, '93d202497d266cc5ef0d62b66bb2fc30', 'files/images/92/93d202497d266cc5ef0d62b66bb2fc30.jpg', 'jpg', b'1'),
	(93, '8333d343f135a54bdb6a3d461932f2a3', 'files/images/93/8333d343f135a54bdb6a3d461932f2a3.jpg', 'jpg', b'1'),
	(94, '7fb222bed83ccee4a14be0f0b745ffb3', 'files/images/94/7fb222bed83ccee4a14be0f0b745ffb3.jpg', 'jpg', b'1'),
	(95, 'df8030dcc223def1b38056471bf281a5', 'files/images/95/df8030dcc223def1b38056471bf281a5.jpg', 'jpg', b'1'),
	(96, '6b265961c57b1ed39b9c9aafba010b91', 'files/images/96/6b265961c57b1ed39b9c9aafba010b91.jpg', 'jpg', b'1'),
	(97, '5d606062f3753fc28cd108d45af2d44e', 'files/images/97/5d606062f3753fc28cd108d45af2d44e.jpg', 'jpg', b'1'),
	(98, 'bf25a720ef7aaa711e81030aec2a80bd', 'files/images/98/bf25a720ef7aaa711e81030aec2a80bd.jpg', 'jpg', b'1'),
	(99, 'c89a592289cbf730efb384056e0f3bd7', 'files/images/99/c89a592289cbf730efb384056e0f3bd7.jpg', 'jpg', b'1'),
	(100, 'b40b8cf0f8b65ab74c0c93029395b44b', 'files/images/100/b40b8cf0f8b65ab74c0c93029395b44b.jpg', 'jpg', b'1'),
	(101, '81b96c6f0c5e3861da3240c1cf7627f7', 'files/images/101/81b96c6f0c5e3861da3240c1cf7627f7.jpg', 'jpg', b'0'),
	(102, '1b9d2c16d1667f56f5a835537dada3f5', 'files/images/102/1b9d2c16d1667f56f5a835537dada3f5.png', 'png', b'0'),
	(103, 'f5065397f1f203a6c36994a6170cdd1b', 'files/images/103/f5065397f1f203a6c36994a6170cdd1b.png', 'png', b'0'),
	(104, '2edaffb0b32a8a0255f60ea9bcf55501', 'files/images/104/2edaffb0b32a8a0255f60ea9bcf55501.png', 'png', b'0'),
	(105, '1c6ca7bf2ae9faffa0a3b3d68e7c18c9', 'files/images/105/1c6ca7bf2ae9faffa0a3b3d68e7c18c9.png', 'png', b'0'),
	(106, 'e26d0658624b851430af85f88ba9fb40', 'files/images/106/e26d0658624b851430af85f88ba9fb40.png', 'png', b'0'),
	(107, '2167123e7e507303b9d00dfee963ab0e', 'files/images/107/2167123e7e507303b9d00dfee963ab0e.png', 'png', b'0'),
	(108, 'd43d2301db3fdac617209ab41b97bcc1', 'files/images/108/d43d2301db3fdac617209ab41b97bcc1.png', 'png', b'1'),
	(109, 'c5addab428dcd7e9e003384d661bec1c', 'files/images/109/c5addab428dcd7e9e003384d661bec1c.png', 'png', b'1'),
	(110, '45d7bbc1e8693f34a4b970eedc0ccd57', 'files/images/110/45d7bbc1e8693f34a4b970eedc0ccd57.png', 'png', b'1'),
	(111, 'faed3d8b2e288663003ea2050af9d598', 'files/images/111/faed3d8b2e288663003ea2050af9d598.png', 'png', b'1'),
	(112, '4edc0fa2f8e5dbe80cfdb487b0448d6b', 'files/images/112/4edc0fa2f8e5dbe80cfdb487b0448d6b.jpg', 'jpg', b'1'),
	(113, 'e268abe6062300c021c6028982a5deb4', 'files/images/113/e268abe6062300c021c6028982a5deb4.jpg', 'jpg', b'1'),
	(114, '4c2329fda59aea4740eb931a6368a509', 'files/images/114/4c2329fda59aea4740eb931a6368a509.jpg', 'jpg', b'1'),
	(115, '791209b930d60cdcf91ee4a0342ff2d5', 'files/images/115/791209b930d60cdcf91ee4a0342ff2d5.jpg', 'jpg', b'1'),
	(116, '120f4ce88f229787408d8a8d24e839d6', 'files/images/116/120f4ce88f229787408d8a8d24e839d6.jpg', 'jpg', b'1'),
	(117, '86395df085b4c7611a637f2b6a26f7c3', 'files/images/117/86395df085b4c7611a637f2b6a26f7c3.jpg', 'jpg', b'1'),
	(118, 'ec8b76bcc92c627fe0a1f22157668a5f', 'files/images/118/ec8b76bcc92c627fe0a1f22157668a5f.jpg', 'jpg', b'1'),
	(119, '712fe2a455c45f15b730d33a1aa37735', 'files/images/119/712fe2a455c45f15b730d33a1aa37735.jpg', 'jpg', b'1'),
	(120, '4627e1b9a4c08726645807b1186e8674', 'files/images/120/4627e1b9a4c08726645807b1186e8674.jpg', 'jpg', b'1'),
	(121, 'd61220acb829860217c9ee5d5e113815', 'files/images/121/d61220acb829860217c9ee5d5e113815.jpeg', 'jpeg', b'1'),
	(122, '53b160c84fef75396b26a4717f714f13', 'files/images/122/53b160c84fef75396b26a4717f714f13.jpg', 'jpg', b'1'),
	(123, 'cf0e50c7ad041fbc989228d40897bed2', 'files/images/123/cf0e50c7ad041fbc989228d40897bed2.JPG', 'JPG', b'1'),
	(124, '34f032ba26f894dbebc91ef6616a5771', 'files/images/124/34f032ba26f894dbebc91ef6616a5771.jpeg', 'jpeg', b'1'),
	(125, '9c33546e3be70650f6137e269bb2b5a1', 'files/images/125/9c33546e3be70650f6137e269bb2b5a1.jpg', 'jpg', b'1'),
	(126, 'a0138fe3467c0328b037541c0f7eb91c', 'files/images/126/a0138fe3467c0328b037541c0f7eb91c.jpg', 'jpg', b'1'),
	(127, 'bb60e0355917e7908f825f075a1b9f6e', 'files/images/127/bb60e0355917e7908f825f075a1b9f6e.jpg', 'jpg', b'1'),
	(128, '629518fd9cda0fcd796bad593c29b3b1', 'files/images/128/629518fd9cda0fcd796bad593c29b3b1.jpg', 'jpg', b'1');
/*!40000 ALTER TABLE `l_images` ENABLE KEYS */;


-- Дамп структуры для таблица apoly.l_mainpage
DROP TABLE IF EXISTS `l_mainpage`;
CREATE TABLE IF NOT EXISTS `l_mainpage` (
  `site` int(2) NOT NULL,
  `text_activity` text NOT NULL,
  `text_production` text NOT NULL,
  `keywords` text,
  `description` text,
  UNIQUE KEY `site` (`site`)
) ENGINE=MyISAM DEFAULT CHARSET=utf8;

-- Дамп данных таблицы apoly.l_mainpage: 1 rows
/*!40000 ALTER TABLE `l_mainpage` DISABLE KEYS */;
INSERT INTO `l_mainpage` (`site`, `text_activity`, `text_production`, `keywords`, `description`) VALUES
	(1, '<p>Основным направлением деятельности компании &laquo;Лес Ресурс&raquo; является заготовка, переработка и продажа леса. Собственные производственные мощности и лесосырьевые базы в долгосрочной аренде дают нам возможность поставлять заказчикам древевесину и пиломатериалы в любых объемах. <br /><br />Ежегодная производственная мощность предприятия составляет порядка 100 тыс. кубометров леса кругляка. &laquo;Лес Ресурс&raquo; с 2008 года производит высококачественную продукцию и поставляет ее на территории Уральского Федерального округа. <a href="#">Купить лес кругляк</a> можно в любое время года. Вся лесопродукция отвечает всем экологическим и техническим нормам, действующим на территории РФ.</p>', '<p>Качество продукции компании &laquo;Лес Ресурс&raquo; находится под постоянным контролем на каждом этапе производства. Использование передовых технологий в деревеозаготовке и высококачественное оборудование позволяет снизить стоимость нашей продукции и исключить брак. <br /><br />Полный производственный цикл, позволяет нам оперативно поставлять широкий ассортимент продукции стабильного качества. В перечне выпускаемой продукции:&nbsp;<a href="#">лес кругляк</a>, <a href="#">пиловочник комлевой</a>, <a href="#">хвойный и лиственный</a>, <a href="#">тонкомер</a> и <a href="#">баланс</a>.</p>', '', '');
/*!40000 ALTER TABLE `l_mainpage` ENABLE KEYS */;


-- Дамп структуры для таблица apoly.l_productions
DROP TABLE IF EXISTS `l_productions`;
CREATE TABLE IF NOT EXISTS `l_productions` (
  `id` int(11) NOT NULL AUTO_INCREMENT,
  `header` varchar(64) NOT NULL,
  `text` text NOT NULL,
  `id_image` int(11) NOT NULL,
  `date` text NOT NULL,
  `cost` int(11) NOT NULL,
  `keywords` text,
  `description` text,
  PRIMARY KEY (`id`)
) ENGINE=InnoDB AUTO_INCREMENT=5 DEFAULT CHARSET=utf8;

-- Дамп данных таблицы apoly.l_productions: ~4 rows (приблизительно)
/*!40000 ALTER TABLE `l_productions` DISABLE KEYS */;
INSERT INTO `l_productions` (`id`, `header`, `text`, `id_image`, `date`, `cost`, `keywords`, `description`) VALUES
	(1, 'Пропилен', '<p>Уникальное торговое предложение. Идейные соображения высшего порядка.</p>', 108, '20.05.2016', 133, '', ''),
	(2, 'Полиамид', '<p>Уникальное торговое предложение. Идейные соображения высшего порядка.</p>', 109, '14.06.2016', 133, NULL, NULL),
	(3, 'ПВД', '<p>Уникальное торговое предложение. Идейные соображения высшего порядка.</p>', 110, '14.06.2016', 133, NULL, NULL),
	(4, 'ПНД', '<p>Уникальное торговое предложение. Идейные соображения высшего порядка.</p>', 111, '14.06.2016', 133, NULL, NULL);
/*!40000 ALTER TABLE `l_productions` ENABLE KEYS */;


-- Дамп структуры для таблица apoly.l_settings
DROP TABLE IF EXISTS `l_settings`;
CREATE TABLE IF NOT EXISTS `l_settings` (
  `site` int(2) NOT NULL,
  `site_name` text NOT NULL,
  `link_vk` text NOT NULL,
  `link_instagram` text NOT NULL,
  `link_twitter` text NOT NULL,
  UNIQUE KEY `site` (`site`)
) ENGINE=InnoDB DEFAULT CHARSET=utf8;

-- Дамп данных таблицы apoly.l_settings: ~1 rows (приблизительно)
/*!40000 ALTER TABLE `l_settings` DISABLE KEYS */;
INSERT INTO `l_settings` (`site`, `site_name`, `link_vk`, `link_instagram`, `link_twitter`) VALUES
	(1, 'ООО «Аполи»', '#', '#', '#');
/*!40000 ALTER TABLE `l_settings` ENABLE KEYS */;
/*!40101 SET SQL_MODE=IFNULL(@OLD_SQL_MODE, '') */;
/*!40014 SET FOREIGN_KEY_CHECKS=IF(@OLD_FOREIGN_KEY_CHECKS IS NULL, 1, @OLD_FOREIGN_KEY_CHECKS) */;
/*!40101 SET CHARACTER_SET_CLIENT=@OLD_CHARACTER_SET_CLIENT */;
